era5_lat,era5_lon,n_crashes,n_fatal,priority,cum_share,cell_id
26.25,91.75,4243,718,1,0.0962,E001
24.75,92.75,1326,183,2,0.1262,E002
26.25,92.75,1292,243,3,0.1555,E003
26.0,91.75,1265,332,4,0.1842,E004
26.75,92.75,997,256,5,0.2068,E005
26.0,91.5,863,292,6,0.2264,E006
26.5,92.75,818,215,7,0.2449,E007
26.25,92.25,806,142,8,0.2632,E008
26.75,94.25,800,139,9,0.2813,E009
26.5,91.5,784,219,10,0.2991,E010
27.5,95.0,766,145,11,0.3165,E011
26.0,93.0,754,134,12,0.3336,E012
26.25,92.5,751,160,13,0.3506,E013
26.5,91.25,714,186,14,0.3668,E014
26.5,91.0,714,179,15,0.383,E015
26.25,91.5,687,155,16,0.3985,E016
26.25,90.5,684,140,17,0.414,E017
26.5,93.0,653,138,18,0.4288,E018
24.75,92.5,647,114,19,0.4435,E019
26.5,92.0,638,209,20,0.458,E020
26.5,90.5,636,153,21,0.4724,E021
26.5,94.0,627,120,22,0.4866,E022
26.5,92.5,609,103,23,0.5004,E023
26.0,92.0,596,130,24,0.5139,E024
27.25,94.0,596,161,25,0.5274,E025
26.75,94.0,537,91,26,0.5396,E026
26.25,90.25,534,136,27,0.5517,E027
26.0,90.0,516,113,28,0.5634,E028
26.5,90.25,503,109,29,0.5748,E029
26.5,90.75,496,146,30,0.5861,E030
26.5,92.25,490,138,31,0.5972,E031
26.0,91.25,485,169,32,0.6082,E032
26.25,90.75,464,89,33,0.6187,E033
26.75,92.5,454,150,34,0.629,E034
24.5,92.5,450,74,35,0.6392,E035
26.25,91.0,421,99,36,0.6487,E036
26.0,92.25,418,69,37,0.6582,E037
26.25,89.75,399,86,38,0.6672,E038
27.0,94.75,398,110,39,0.6763,E039
27.0,93.75,396,105,40,0.6852,E040
27.5,95.25,382,127,41,0.6939,E041
26.75,93.75,375,71,42,0.7024,E042
24.75,92.25,350,66,43,0.7103,E043
26.5,90.0,349,97,44,0.7182,E044
26.0,90.75,340,106,45,0.7259,E045
26.25,91.25,333,89,46,0.7335,E046
27.25,95.0,330,89,47,0.741,E047
26.5,91.75,325,107,48,0.7483,E048
27.25,95.25,324,95,49,0.7557,E049
26.5,93.75,306,70,50,0.7626,E050
26.25,92.0,297,73,51,0.7694,E051
26.0,90.5,297,80,52,0.7761,E052
26.25,94.0,297,41,53,0.7828,E053
26.0,91.0,296,79,54,0.7895,E054
27.5,95.5,285,154,55,0.796,E055
26.75,92.0,277,107,56,0.8023,E056
26.75,92.25,275,120,57,0.8085,E057
26.0,92.75,273,64,58,0.8147,E058
26.75,93.5,268,72,59,0.8208,E059
24.75,93.0,246,72,60,0.8264,E060
27.0,94.0,229,47,61,0.8315,E061
27.5,94.75,227,98,62,0.8367,E062
27.25,94.5,227,70,63,0.8418,E063
26.75,94.5,222,69,64,0.8469,E064
26.25,90.0,219,41,65,0.8518,E065
26.75,91.75,218,93,66,0.8568,E066
26.0,93.75,212,55,67,0.8616,E067
27.5,94.5,212,81,68,0.8664,E068
27.5,94.25,206,60,69,0.8711,E069
26.75,91.25,204,58,70,0.8757,E070
24.5,92.25,204,38,71,0.8803,E071
26.5,93.5,199,33,72,0.8848,E072
25.0,92.75,198,33,73,0.8893,E073
27.25,94.75,196,53,74,0.8937,E074
26.75,91.5,195,69,75,0.8982,E075
26.75,93.25,194,119,76,0.9026,E076
27.25,94.25,181,57,77,0.9067,E077
25.0,92.5,176,29,78,0.9107,E078
26.75,93.0,171,78,79,0.9145,E079
26.5,93.25,169,23,80,0.9184,E080
27.75,95.75,169,49,81,0.9222,E081
25.75,93.0,164,42,82,0.9259,E082
26.25,93.75,159,42,83,0.9295,E083
26.25,93.0,157,37,84,0.9331,E084
24.5,92.75,147,21,85,0.9364,E085
26.0,90.25,146,48,86,0.9397,E086
27.0,94.25,146,38,87,0.943,E087
27.0,95.0,136,68,88,0.9461,E088
25.0,93.0,135,21,89,0.9492,E089
27.25,95.75,123,49,90,0.952,E090
24.25,92.5,121,9,91,0.9547,E091
27.0,94.5,116,41,92,0.9573,E092
26.0,93.25,106,27,93,0.9597,E093
27.75,95.0,104,38,94,0.9621,E094
26.0,93.5,101,26,95,0.9644,E095
26.5,94.25,97,38,96,0.9666,E096
26.0,89.75,94,26,97,0.9687,E097
28.0,95.75,87,17,98,0.9707,E098
25.75,93.25,72,19,99,0.9723,E099
27.25,95.5,72,15,100,0.974,E100
27.75,95.25,71,31,101,0.9756,E101
27.75,94.75,69,32,102,0.9771,E102
26.75,90.5,62,22,103,0.9785,E103
27.0,92.75,62,15,104,0.9799,E104
26.75,94.75,59,17,105,0.9813,E105
27.75,95.5,58,41,106,0.9826,E106
25.75,90.0,57,29,107,0.9839,E107
26.0,92.5,50,12,108,0.985,E108
25.25,93.0,50,13,109,0.9861,E109
25.75,92.75,44,15,110,0.9871,E110
26.25,93.25,42,17,111,0.9881,E111
27.0,93.5,42,27,112,0.9891,E112
27.0,95.25,41,22,113,0.99,E113
25.5,92.75,39,16,114,0.9909,E114
24.25,92.25,39,1,115,0.9917,E115
25.5,90.0,36,12,116,0.9926,E116
27.5,95.75,35,20,117,0.9934,E117
25.75,93.5,34,7,118,0.9941,E118
25.25,93.25,30,13,119,0.9948,E119
26.75,91.0,29,8,120,0.9955,E120
25.5,93.0,23,5,121,0.996,E121
24.5,93.0,22,8,122,0.9965,E122
25.0,92.25,16,1,123,0.9968,E123
27.5,96.0,15,5,124,0.9972,E124
27.25,93.75,14,4,125,0.9975,E125
26.0,94.0,12,3,126,0.9978,E126
25.5,89.75,11,3,127,0.998,E127
25.5,93.25,11,1,128,0.9983,E128
26.5,89.75,11,2,129,0.9985,E129
25.75,91.25,10,4,130,0.9988,E130
27.25,96.0,10,9,131,0.999,E131
25.75,92.5,8,3,132,0.9992,E132
27.0,93.0,4,2,133,0.9993,E133
27.0,92.25,4,3,134,0.9993,E134
28.0,96.0,4,2,135,0.9994,E135
26.75,90.75,3,1,136,0.9995,E136
26.75,90.0,3,1,137,0.9996,E137
25.0,93.25,2,2,138,0.9996,E138
25.75,91.5,2,0,139,0.9997,E139
27.0,92.0,2,0,140,0.9997,E140
27.0,93.25,2,2,141,0.9998,E141
27.0,92.5,2,1,142,0.9998,E142
27.75,96.0,2,2,143,0.9998,E143
25.75,91.0,1,1,144,0.9999,E144
25.75,92.25,1,0,145,0.9999,E145
25.75,89.75,1,0,146,0.9999,E146
26.25,94.25,1,0,147,0.9999,E147
26.5,94.75,1,0,148,1.0,E148
26.75,90.25,1,0,149,1.0,E149
28.0,95.5,1,1,150,1.0,E150
