z,x,y,n_crashes,sites,cum_share
13,6182,3478,501,NH27_Changsari_Baihata;NH27_Jalukbari_Saraighat_Amingaon,0.152
13,6184,3479,463,GS_Road_Dispur_Khanapara,0.292
13,6185,3479,360,GS_Road_Dispur_Khanapara,0.401
13,6184,3480,296,GS_Road_Dispur_Khanapara,0.49
13,6182,3479,249,NH27_Jalukbari_Saraighat_Amingaon,0.566
13,6184,3478,199,GS_Road_Dispur_Khanapara,0.626
13,6182,3477,175,NH27_Changsari_Baihata;NH27_Jalukbari_Saraighat_Amingaon,0.679
13,6183,3474,152,NH27_Changsari_Baihata,0.725
13,6182,3476,146,NH27_Changsari_Baihata,0.769
13,6186,3480,109,GS_Road_Dispur_Khanapara,0.802
13,6185,3480,99,GS_Road_Dispur_Khanapara,0.832
13,6181,3478,90,NH27_Jalukbari_Saraighat_Amingaon,0.859
13,6181,3479,89,NH27_Jalukbari_Saraighat_Amingaon,0.886
13,6183,3475,64,NH27_Changsari_Baihata,0.905
13,6182,3475,51,NH27_Changsari_Baihata,0.921
13,6183,3478,49,NH27_Jalukbari_Saraighat_Amingaon,0.936
13,6184,3474,45,NH27_Changsari_Baihata,0.949
13,6183,3480,45,GS_Road_Dispur_Khanapara,0.963
13,6183,3479,36,GS_Road_Dispur_Khanapara;NH27_Jalukbari_Saraighat_Amingaon,0.974
