cell_id,lat,lon,start,end,days,est_weight,priority
E001,26.25,91.75,2022-12-31,2023-12-31,366,26.14,1
E001,26.25,91.75,2024-01-31,2024-06-30,152,10.86,1
E001,26.25,91.75,2024-07-31,2026-05-31,670,47.86,1
E002,24.75,92.75,2023-01-01,2023-12-31,365,26.07,2
E002,24.75,92.75,2024-02-01,2024-06-23,144,10.29,2
E002,24.75,92.75,2024-08-01,2026-05-31,669,47.79,2
E003,26.25,92.75,2023-01-01,2023-12-31,365,26.07,3
E003,26.25,92.75,2024-01-31,2024-06-30,152,10.86,3
E003,26.25,92.75,2024-08-01,2026-05-31,669,47.79,3
E004,26.0,91.75,2023-01-01,2023-12-31,365,26.07,4
E004,26.0,91.75,2024-02-29,2024-06-30,123,8.79,4
E004,26.0,91.75,2024-07-31,2026-05-31,670,47.86,4
E005,26.75,92.75,2022-12-31,2023-12-31,366,26.14,5
E005,26.75,92.75,2024-03-01,2024-06-30,122,8.71,5
E005,26.75,92.75,2024-07-31,2026-05-31,670,47.86,5
E006,26.0,91.5,2023-01-01,2023-12-31,365,26.07,6
E006,26.0,91.5,2024-01-31,2024-06-30,152,10.86,6
E006,26.0,91.5,2024-08-01,2026-05-30,668,47.71,6
E007,26.5,92.75,2022-12-31,2023-12-31,366,26.14,7
E007,26.5,92.75,2024-02-01,2024-06-28,149,10.64,7
E007,26.5,92.75,2024-08-01,2026-05-31,669,47.79,7
E008,26.25,92.25,2023-01-01,2023-12-31,365,26.07,8
E008,26.25,92.25,2024-02-29,2024-06-30,123,8.79,8
E008,26.25,92.25,2024-07-31,2026-05-31,670,47.86,8
E009,26.75,94.25,2023-01-02,2023-12-31,364,26.0,9
E009,26.75,94.25,2024-02-01,2024-06-30,151,10.79,9
E009,26.75,94.25,2024-07-31,2026-05-31,670,47.86,9
E010,26.5,91.5,2023-01-01,2023-12-31,365,26.07,10
E010,26.5,91.5,2024-01-31,2024-06-30,152,10.86,10
E010,26.5,91.5,2024-08-01,2026-05-31,669,47.79,10
E011,27.5,95.0,2023-01-01,2023-12-31,365,26.07,11
E011,27.5,95.0,2024-02-01,2024-05-31,121,8.64,11
E011,27.5,95.0,2024-07-31,2026-05-31,670,47.86,11
E012,26.0,93.0,2023-01-01,2023-12-31,365,26.07,12
E012,26.0,93.0,2024-02-01,2024-05-31,121,8.64,12
E012,26.0,93.0,2024-08-01,2026-05-31,669,47.79,12
E013,26.25,92.5,2023-01-01,2023-12-31,365,26.07,13
E013,26.25,92.5,2024-02-01,2024-06-30,151,10.79,13
E013,26.25,92.5,2024-07-31,2026-05-31,670,47.86,13
E014,26.5,91.25,2022-12-31,2023-12-31,366,26.14,14
E014,26.5,91.25,2024-03-01,2024-06-30,122,8.71,14
E014,26.5,91.25,2024-08-01,2026-05-31,669,47.79,14
E015,26.5,91.0,2023-01-01,2023-12-31,365,26.07,15
E015,26.5,91.0,2024-02-01,2024-06-30,151,10.79,15
E015,26.5,91.0,2024-08-01,2026-05-31,669,47.79,15
E016,26.25,91.5,2023-01-01,2023-12-31,365,26.07,16
E016,26.25,91.5,2024-02-01,2024-06-30,151,10.79,16
E016,26.25,91.5,2024-08-01,2026-05-31,669,47.79,16
E017,26.25,90.5,2023-01-01,2023-12-31,365,26.07,17
E017,26.25,90.5,2024-02-01,2024-06-30,151,10.79,17
E017,26.25,90.5,2024-07-31,2026-05-31,670,47.86,17
E018,26.5,93.0,2023-01-01,2023-12-31,365,26.07,18
E018,26.5,93.0,2024-01-31,2024-06-30,152,10.86,18
E018,26.5,93.0,2024-08-01,2026-05-31,669,47.79,18
E019,24.75,92.5,2023-01-01,2023-12-31,365,26.07,19
E019,24.75,92.5,2024-02-29,2024-06-30,123,8.79,19
E019,24.75,92.5,2024-07-31,2026-05-31,670,47.86,19
E020,26.5,92.0,2023-01-01,2023-12-31,365,26.07,20
E020,26.5,92.0,2024-02-01,2024-06-30,151,10.79,20
E020,26.5,92.0,2024-07-31,2026-05-31,670,47.86,20
E021,26.5,90.5,2023-01-01,2023-12-31,365,26.07,21
E021,26.5,90.5,2024-03-01,2024-06-30,122,8.71,21
E021,26.5,90.5,2024-08-01,2026-05-31,669,47.79,21
E022,26.5,94.0,2022-12-31,2023-12-31,366,26.14,22
E022,26.5,94.0,2024-02-29,2024-06-30,123,8.79,22
E022,26.5,94.0,2024-07-31,2026-05-31,670,47.86,22
E023,26.5,92.5,2023-01-01,2023-12-31,365,26.07,23
E023,26.5,92.5,2024-02-02,2024-06-30,150,10.71,23
E023,26.5,92.5,2024-08-01,2026-05-31,669,47.79,23
E024,26.0,92.0,2023-01-01,2023-12-29,363,25.93,24
E024,26.0,92.0,2024-03-01,2024-06-30,122,8.71,24
E024,26.0,92.0,2024-07-31,2026-05-31,670,47.86,24
E025,27.25,94.0,2022-12-31,2023-12-31,366,26.14,25
E025,27.25,94.0,2024-02-02,2024-06-30,150,10.71,25
E025,27.25,94.0,2024-08-01,2026-05-31,669,47.79,25
E026,26.75,94.0,2023-01-01,2023-10-30,303,21.64,26
E026,26.75,94.0,2023-11-30,2023-12-30,31,2.21,26
E026,26.75,94.0,2024-03-01,2024-06-30,122,8.71,26
E026,26.75,94.0,2024-07-31,2026-05-31,670,47.86,26
E027,26.25,90.25,2023-01-01,2023-12-31,365,26.07,27
E027,26.25,90.25,2024-01-31,2024-06-30,152,10.86,27
E027,26.25,90.25,2024-08-01,2026-05-30,668,47.71,27
E028,26.0,90.0,2023-01-02,2023-12-31,364,26.0,28
E028,26.0,90.0,2024-02-01,2024-06-30,151,10.79,28
E028,26.0,90.0,2024-08-01,2026-05-31,669,47.79,28
E029,26.5,90.25,2023-01-01,2023-12-31,365,26.07,29
E029,26.5,90.25,2024-02-29,2024-06-29,122,8.71,29
E029,26.5,90.25,2024-07-31,2026-05-31,670,47.86,29
E030,26.5,90.75,2023-01-01,2023-12-31,365,26.07,30
E030,26.5,90.75,2024-02-03,2024-06-30,149,10.64,30
E030,26.5,90.75,2024-08-01,2026-05-31,669,47.79,30
E031,26.5,92.25,2023-01-01,2023-12-30,364,26.0,31
E031,26.5,92.25,2024-02-01,2024-06-29,150,10.71,31
E031,26.5,92.25,2024-08-01,2026-05-31,669,47.79,31
E032,26.0,91.25,2023-01-01,2023-12-31,365,26.07,32
E032,26.0,91.25,2024-02-01,2024-06-30,151,10.79,32
E032,26.0,91.25,2024-08-02,2026-05-31,668,47.71,32
E033,26.25,90.75,2023-01-02,2023-12-31,364,26.0,33
E033,26.25,90.75,2024-02-01,2024-06-30,151,10.79,33
E033,26.25,90.75,2024-07-31,2026-05-31,670,47.86,33
E034,26.75,92.5,2023-01-01,2023-12-31,365,26.07,34
E034,26.75,92.5,2024-03-02,2024-06-30,121,8.64,34
E034,26.75,92.5,2024-08-01,2026-05-31,669,47.79,34
E035,24.5,92.5,2023-01-01,2023-12-30,364,26.0,35
E035,24.5,92.5,2024-03-01,2024-06-30,122,8.71,35
E035,24.5,92.5,2024-08-01,2026-05-28,666,47.57,35
E036,26.25,91.0,2023-01-02,2023-12-31,364,26.0,36
E036,26.25,91.0,2024-02-01,2024-06-30,151,10.79,36
E036,26.25,91.0,2024-07-31,2026-05-31,670,47.86,36
E037,26.0,92.25,2023-01-02,2023-12-31,364,26.0,37
E037,26.0,92.25,2024-02-29,2024-06-30,123,8.79,37
E037,26.0,92.25,2024-08-01,2026-05-31,669,47.79,37
E038,26.25,89.75,2023-01-01,2023-08-30,242,17.29,38
E038,26.25,89.75,2023-10-02,2023-12-30,90,6.43,38
E038,26.25,89.75,2024-02-01,2024-06-30,151,10.79,38
E038,26.25,89.75,2024-08-01,2026-05-28,666,47.57,38
E039,27.0,94.75,2022-12-31,2023-12-31,366,26.14,39
E039,27.0,94.75,2024-02-02,2024-06-30,150,10.71,39
E039,27.0,94.75,2024-08-01,2026-05-31,669,47.79,39
E040,27.0,93.75,2022-12-31,2023-12-31,366,26.14,40
E040,27.0,93.75,2024-02-03,2024-06-30,149,10.64,40
E040,27.0,93.75,2024-08-01,2026-05-31,669,47.79,40
E041,27.5,95.25,2023-01-01,2023-12-31,365,26.07,41
E041,27.5,95.25,2024-02-03,2024-06-26,145,10.36,41
E041,27.5,95.25,2024-08-01,2026-05-31,669,47.79,41
E042,26.75,93.75,2023-01-02,2023-12-31,364,26.0,42
E042,26.75,93.75,2024-03-01,2024-06-30,122,8.71,42
E042,26.75,93.75,2024-07-31,2026-05-31,670,47.86,42
E043,24.75,92.25,2023-01-02,2023-12-31,364,26.0,43
E043,24.75,92.25,2024-03-01,2024-06-30,122,8.71,43
E043,24.75,92.25,2024-08-01,2026-05-31,669,47.79,43
E044,26.5,90.0,2023-01-02,2023-12-31,364,26.0,44
E044,26.5,90.0,2024-03-02,2024-06-30,121,8.64,44
E044,26.5,90.0,2024-08-01,2026-05-29,667,47.64,44
E045,26.0,90.75,2023-01-01,2023-12-31,365,26.07,45
E045,26.0,90.75,2024-02-01,2024-05-31,121,8.64,45
E045,26.0,90.75,2024-08-01,2026-05-31,669,47.79,45
E046,26.25,91.25,2023-01-01,2023-12-31,365,26.07,46
E046,26.25,91.25,2024-02-02,2024-06-29,149,10.64,46
E046,26.25,91.25,2024-07-31,2026-05-31,670,47.86,46
E047,27.25,95.0,2023-01-02,2023-12-31,364,26.0,47
E047,27.25,95.0,2024-02-01,2024-05-30,120,8.57,47
E047,27.25,95.0,2024-08-01,2026-05-30,668,47.71,47
E048,26.5,91.75,2023-01-01,2023-12-31,365,26.07,48
E048,26.5,91.75,2024-02-01,2024-06-30,151,10.79,48
E048,26.5,91.75,2024-08-01,2026-05-31,669,47.79,48
E049,27.25,95.25,2022-12-31,2023-12-30,365,26.07,49
E049,27.25,95.25,2024-02-02,2024-05-31,120,8.57,49
E049,27.25,95.25,2024-08-01,2026-05-31,669,47.79,49
E050,26.5,93.75,2023-01-01,2023-05-28,148,10.57,50
E050,26.5,93.75,2023-07-07,2023-07-28,22,1.57,50
E050,26.5,93.75,2023-09-04,2023-12-29,117,8.36,50
E050,26.5,93.75,2024-03-01,2024-06-30,122,8.71,50
E050,26.5,93.75,2024-07-31,2026-05-31,670,47.86,50
E051,26.25,92.0,2023-01-01,2023-04-30,120,8.57,51
E051,26.25,92.0,2023-05-31,2023-12-31,215,15.36,51
E051,26.25,92.0,2024-03-03,2024-06-30,120,8.57,51
E051,26.25,92.0,2024-07-31,2026-05-29,668,47.71,51
E052,26.0,90.5,2023-01-01,2023-12-31,365,26.07,52
E052,26.0,90.5,2024-02-02,2024-05-31,120,8.57,52
E052,26.0,90.5,2024-07-31,2026-05-31,670,47.86,52
E053,26.25,94.0,2023-01-07,2023-01-28,22,1.57,53
E053,26.25,94.0,2023-03-01,2023-05-30,91,6.5,53
E053,26.25,94.0,2023-07-02,2023-12-31,183,13.07,53
E053,26.25,94.0,2024-03-02,2024-06-30,121,8.64,53
E053,26.25,94.0,2024-08-01,2026-05-31,669,47.79,53
E054,26.0,91.0,2023-01-04,2023-12-31,362,25.86,54
E054,26.0,91.0,2024-02-03,2024-06-29,148,10.57,54
E054,26.0,91.0,2024-08-01,2026-05-31,669,47.79,54
E055,27.5,95.5,2023-01-02,2023-12-31,364,26.0,55
E055,27.5,95.5,2024-03-01,2024-06-30,122,8.71,55
E055,27.5,95.5,2024-08-01,2026-05-31,669,47.79,55
E056,26.75,92.0,2023-01-01,2023-08-31,243,17.36,56
E056,26.75,92.0,2023-10-02,2023-12-31,91,6.5,56
E056,26.75,92.0,2024-03-04,2024-06-30,119,8.5,56
E056,26.75,92.0,2024-08-01,2026-05-31,669,47.79,56
E057,26.75,92.25,2023-01-01,2023-12-31,365,26.07,57
E057,26.75,92.25,2024-03-01,2024-06-29,121,8.64,57
E057,26.75,92.25,2024-08-04,2026-05-31,666,47.57,57
E058,26.0,92.75,2023-01-01,2023-12-30,364,26.0,58
E058,26.0,92.75,2024-02-01,2024-05-31,121,8.64,58
E058,26.0,92.75,2024-08-02,2026-05-31,668,47.71,58
E059,26.75,93.5,2023-01-01,2023-12-31,365,26.07,59
E059,26.75,93.5,2024-02-03,2024-06-29,148,10.57,59
E059,26.75,93.5,2024-08-02,2026-05-31,668,47.71,59
E060,24.75,93.0,2023-01-03,2023-12-30,362,25.86,60
E060,24.75,93.0,2024-02-01,2024-05-31,121,8.64,60
E060,24.75,93.0,2024-08-02,2026-05-27,664,47.43,60
E061,27.0,94.0,2023-01-01,2023-12-31,365,26.07,61
E061,27.0,94.0,2024-02-01,2024-06-29,150,10.71,61
E061,27.0,94.0,2024-07-31,2026-05-31,670,47.86,61
E062,27.5,94.75,2022-12-31,2023-12-31,366,26.14,62
E062,27.5,94.75,2024-02-03,2024-06-29,148,10.57,62
E062,27.5,94.75,2024-08-01,2026-05-31,669,47.79,62
E063,27.25,94.5,2023-01-01,2023-12-30,364,26.0,63
E063,27.25,94.5,2024-01-31,2024-06-28,150,10.71,63
E063,27.25,94.5,2024-08-01,2026-05-31,669,47.79,63
E064,26.75,94.5,2023-01-02,2023-12-28,361,25.79,64
E064,26.75,94.5,2024-02-03,2024-06-30,149,10.64,64
E064,26.75,94.5,2024-08-01,2026-05-31,669,47.79,64
E065,26.25,90.0,2023-01-06,2023-12-27,356,25.43,65
E065,26.25,90.0,2024-02-02,2024-06-29,149,10.64,65
E065,26.25,90.0,2024-08-01,2026-05-29,667,47.64,65
E066,26.75,91.75,2023-01-02,2023-12-27,360,25.71,66
E066,26.75,91.75,2024-03-01,2024-06-30,122,8.71,66
E066,26.75,91.75,2024-08-01,2026-05-29,667,47.64,66
E067,26.0,93.75,2023-01-03,2023-07-30,209,14.93,67
E067,26.0,93.75,2023-09-02,2023-12-31,121,8.64,67
E067,26.0,93.75,2024-01-31,2024-06-28,150,10.71,67
E067,26.0,93.75,2024-08-01,2026-05-31,669,47.79,67
E068,27.5,94.5,2023-02-04,2023-12-30,330,23.57,68
E068,27.5,94.5,2024-03-01,2024-06-30,122,8.71,68
E068,27.5,94.5,2024-08-01,2026-05-31,669,47.79,68
E069,27.5,94.25,2023-01-02,2023-12-29,362,25.86,69
E069,27.5,94.25,2024-02-01,2024-06-30,151,10.79,69
E069,27.5,94.25,2024-08-01,2026-05-31,669,47.79,69
E070,26.75,91.25,2023-01-01,2023-12-31,365,26.07,70
E070,26.75,91.25,2024-03-02,2024-06-30,121,8.64,70
E070,26.75,91.25,2024-07-31,2026-05-30,669,47.79,70
E071,24.5,92.25,2023-01-06,2023-12-29,358,25.57,71
E071,24.5,92.25,2024-03-01,2024-06-30,122,8.71,71
E071,24.5,92.25,2024-08-01,2026-05-31,669,47.79,71
E072,26.5,93.5,2023-01-02,2023-01-30,29,2.07,72
E072,26.5,93.5,2023-03-01,2023-05-31,92,6.57,72
E072,26.5,93.5,2023-07-01,2023-08-28,59,4.21,72
E072,26.5,93.5,2023-09-30,2023-12-30,92,6.57,72
E072,26.5,93.5,2024-02-29,2024-06-29,122,8.71,72
E072,26.5,93.5,2024-08-02,2026-05-31,668,47.71,72
E073,25.0,92.75,2023-01-01,2023-12-30,364,26.0,73
E073,25.0,92.75,2024-03-02,2024-05-31,91,6.5,73
E073,25.0,92.75,2024-08-01,2026-05-31,669,47.79,73
E074,27.25,94.75,2023-01-02,2023-12-28,361,25.79,74
E074,27.25,94.75,2024-02-01,2024-06-25,146,10.43,74
E074,27.25,94.75,2024-08-01,2026-05-30,668,47.71,74
E075,26.75,91.5,2023-01-01,2023-01-29,29,2.07,75
E075,26.75,91.5,2023-03-03,2023-12-31,304,21.71,75
E075,26.75,91.5,2024-03-01,2024-06-29,121,8.64,75
E075,26.75,91.5,2024-08-01,2026-05-31,669,47.79,75
E076,26.75,93.25,2023-01-01,2023-12-31,365,26.07,76
E076,26.75,93.25,2024-02-01,2024-05-26,116,8.29,76
E076,26.75,93.25,2024-08-01,2026-05-31,669,47.79,76
E077,27.25,94.25,2023-01-05,2023-01-26,22,1.57,77
E077,27.25,94.25,2023-03-01,2023-12-30,305,21.79,77
E077,27.25,94.25,2024-02-01,2024-06-30,151,10.79,77
E077,27.25,94.25,2024-08-01,2026-05-31,669,47.79,77
E078,25.0,92.5,2023-01-01,2023-12-31,365,26.07,78
E078,25.0,92.5,2024-01-31,2024-05-31,122,8.71,78
E078,25.0,92.5,2024-08-03,2025-05-27,298,21.29,78
E078,25.0,92.5,2025-07-03,2025-07-31,29,2.07,78
E078,25.0,92.5,2025-09-01,2026-01-27,149,10.64,78
E078,25.0,92.5,2026-02-28,2026-05-31,93,6.64,78
E079,26.75,93.0,2022-12-31,2023-12-31,366,26.14,79
E079,26.75,93.0,2024-03-01,2024-06-30,122,8.71,79
E079,26.75,93.0,2024-08-06,2026-05-25,658,47.0,79
E080,26.5,93.25,2023-01-01,2023-01-29,29,2.07,80
E080,26.5,93.25,2023-03-31,2023-08-31,154,11.0,80
E080,26.5,93.25,2023-12-02,2023-12-30,29,2.07,80
E080,26.5,93.25,2024-01-31,2024-06-29,151,10.79,80
E080,26.5,93.25,2024-07-31,2026-05-31,670,47.86,80
E081,27.75,95.75,2023-01-01,2023-07-30,211,15.07,81
E081,27.75,95.75,2023-09-30,2023-12-27,89,6.36,81
E081,27.75,95.75,2024-02-04,2024-06-29,147,10.5,81
E081,27.75,95.75,2024-08-02,2026-05-31,668,47.71,81
E082,25.75,93.0,2023-01-03,2023-12-30,362,25.86,82
E082,25.75,93.0,2024-02-03,2024-06-29,148,10.57,82
E082,25.75,93.0,2024-08-01,2025-09-30,426,30.43,82
E082,25.75,93.0,2025-10-31,2026-05-30,212,15.14,82
E083,26.25,93.75,2023-01-03,2023-02-23,52,3.71,83
E083,26.25,93.75,2023-04-01,2023-07-30,121,8.64,83
E083,26.25,93.75,2023-09-05,2023-10-31,57,4.07,83
E083,26.25,93.75,2023-11-30,2023-12-29,30,2.14,83
E083,26.25,93.75,2024-02-02,2024-06-29,149,10.64,83
E083,26.25,93.75,2024-08-01,2026-05-31,669,47.79,83
E084,26.25,93.0,2023-03-02,2023-05-29,89,6.36,84
E084,26.25,93.0,2023-08-03,2023-08-31,29,2.07,84
E084,26.25,93.0,2023-10-01,2023-12-31,92,6.57,84
E084,26.25,93.0,2024-02-01,2024-06-30,151,10.79,84
E084,26.25,93.0,2024-07-31,2026-05-31,670,47.86,84
E085,24.5,92.75,2023-01-06,2023-12-30,359,25.64,85
E085,24.5,92.75,2024-01-31,2024-06-28,150,10.71,85
E085,24.5,92.75,2024-07-31,2026-05-30,669,47.79,85
E086,26.0,90.25,2023-01-02,2023-06-27,177,12.64,86
E086,26.0,90.25,2023-08-04,2023-08-25,22,1.57,86
E086,26.0,90.25,2023-10-01,2023-12-30,91,6.5,86
E086,26.0,90.25,2024-02-01,2024-05-30,120,8.57,86
E086,26.0,90.25,2024-08-04,2026-05-31,666,47.57,86
E087,27.0,94.25,2023-02-28,2023-12-28,304,21.71,87
E087,27.0,94.25,2024-02-03,2024-04-28,86,6.14,87
E087,27.0,94.25,2024-07-31,2024-11-29,122,8.71,87
E087,27.0,94.25,2025-01-01,2025-01-29,29,2.07,87
E087,27.0,94.25,2025-04-02,2026-05-31,425,30.36,87
E088,27.0,95.0,2023-01-01,2023-12-31,365,26.07,88
E088,27.0,95.0,2024-04-04,2024-06-29,87,6.21,88
E088,27.0,95.0,2024-08-01,2025-01-29,182,13.0,88
E088,27.0,95.0,2025-03-01,2025-07-29,151,10.79,88
E088,27.0,95.0,2025-09-01,2025-09-30,30,2.14,88
E088,27.0,95.0,2025-11-01,2026-05-31,212,15.14,88
E089,25.0,93.0,2023-01-03,2023-12-31,363,25.93,89
E089,25.0,93.0,2024-02-02,2024-06-30,150,10.71,89
E089,25.0,93.0,2024-08-01,2026-05-28,666,47.57,89
E090,27.25,95.75,2023-01-02,2023-12-31,364,26.0,90
E090,27.25,95.75,2024-03-02,2024-03-30,29,2.07,90
E090,27.25,95.75,2024-05-01,2024-06-30,61,4.36,90
E090,27.25,95.75,2024-08-03,2025-10-27,451,32.21,90
E090,27.25,95.75,2025-12-02,2026-02-28,89,6.36,90
E090,27.25,95.75,2026-05-01,2026-05-29,29,2.07,90
E091,24.25,92.5,2023-01-03,2023-12-31,363,25.93,91
E091,24.25,92.5,2024-03-02,2024-06-29,120,8.57,91
E091,24.25,92.5,2024-08-01,2025-10-29,455,32.5,91
E091,24.25,92.5,2025-12-01,2026-01-26,57,4.07,91
E091,24.25,92.5,2026-03-01,2026-03-29,29,2.07,91
E091,24.25,92.5,2026-05-01,2026-05-30,30,2.14,91
E092,27.0,94.5,2023-01-01,2023-09-28,271,19.36,92
E092,27.0,94.5,2023-11-01,2023-12-28,58,4.14,92
E092,27.0,94.5,2024-02-03,2024-06-30,149,10.64,92
E092,27.0,94.5,2024-08-02,2025-06-29,332,23.71,92
E092,27.0,94.5,2025-09-07,2026-05-31,267,19.07,92
E093,26.0,93.25,2023-01-07,2023-02-23,48,3.43,93
E093,26.0,93.25,2023-04-03,2023-04-25,23,1.64,93
E093,26.0,93.25,2023-06-02,2023-06-27,26,1.86,93
E093,26.0,93.25,2023-09-02,2023-12-26,116,8.29,93
E093,26.0,93.25,2024-01-31,2024-06-29,151,10.79,93
E093,26.0,93.25,2024-08-01,2025-04-28,271,19.36,93
E093,26.0,93.25,2025-06-04,2025-06-25,22,1.57,93
E093,26.0,93.25,2025-08-02,2025-09-30,60,4.29,93
E093,26.0,93.25,2025-11-02,2026-05-31,211,15.07,93
E094,27.75,95.0,2023-01-02,2023-07-30,210,15.0,94
E094,27.75,95.0,2023-09-01,2023-09-29,29,2.07,94
E094,27.75,95.0,2023-11-01,2023-12-31,61,4.36,94
E094,27.75,95.0,2024-03-03,2024-06-26,116,8.29,94
E094,27.75,95.0,2024-08-01,2024-10-30,91,6.5,94
E094,27.75,95.0,2024-12-02,2025-01-31,61,4.36,94
E094,27.75,95.0,2025-03-07,2026-01-30,330,23.57,94
E094,27.75,95.0,2026-03-04,2026-04-28,56,4.0,94
E095,26.0,93.5,2023-01-01,2023-06-29,180,12.86,95
E095,26.0,93.5,2023-08-02,2023-12-29,150,10.71,95
E095,26.0,93.5,2024-02-03,2024-06-30,149,10.64,95
E095,26.0,93.5,2024-09-01,2024-09-29,29,2.07,95
E095,26.0,93.5,2024-11-01,2025-07-28,270,19.29,95
E095,26.0,93.5,2025-09-01,2026-05-31,273,19.5,95
E096,26.5,94.25,2023-01-02,2023-07-29,209,14.93,96
E096,26.5,94.25,2023-12-02,2023-12-30,29,2.07,96
E096,26.5,94.25,2024-02-04,2024-06-30,148,10.57,96
E096,26.5,94.25,2024-08-06,2025-09-30,421,30.07,96
E096,26.5,94.25,2025-11-04,2026-02-27,116,8.29,96
E096,26.5,94.25,2026-04-02,2026-05-31,60,4.29,96
E097,26.0,89.75,2023-01-02,2023-02-25,55,3.93,97
E097,26.0,89.75,2023-05-02,2023-10-29,181,12.93,97
E097,26.0,89.75,2023-12-01,2023-12-29,29,2.07,97
E097,26.0,89.75,2024-02-04,2024-06-29,147,10.5,97
E097,26.0,89.75,2024-08-04,2025-07-28,359,25.64,97
E097,26.0,89.75,2025-08-31,2026-04-24,237,16.93,97
E098,28.0,95.75,2023-02-01,2023-03-29,57,4.07,98
E098,28.0,95.75,2023-05-01,2023-06-29,60,4.29,98
E098,28.0,95.75,2023-08-02,2023-08-30,29,2.07,98
E098,28.0,95.75,2023-10-02,2023-10-30,29,2.07,98
E098,28.0,95.75,2023-12-01,2023-12-29,29,2.07,98
E098,28.0,95.75,2024-02-02,2024-02-24,23,1.64,98
E098,28.0,95.75,2024-04-03,2024-04-28,26,1.86,98
E098,28.0,95.75,2024-08-05,2025-09-29,421,30.07,98
E098,28.0,95.75,2025-11-01,2026-02-28,120,8.57,98
E098,28.0,95.75,2026-04-05,2026-05-29,55,3.93,98
E099,25.75,93.25,2023-04-01,2023-09-29,182,13.0,99
E099,25.75,93.25,2023-11-02,2023-12-29,58,4.14,99
E099,25.75,93.25,2024-02-03,2024-02-24,22,1.57,99
E099,25.75,93.25,2024-04-01,2024-06-25,86,6.14,99
E099,25.75,93.25,2024-08-02,2025-02-26,209,14.93,99
E099,25.75,93.25,2025-04-01,2026-05-29,424,30.29,99
E100,27.25,95.5,2023-02-02,2023-04-26,84,6.0,100
E100,27.25,95.5,2023-07-06,2023-07-27,22,1.57,100
E100,27.25,95.5,2023-09-04,2023-12-31,119,8.5,100
E100,27.25,95.5,2024-02-05,2024-05-25,111,7.93,100
E100,27.25,95.5,2024-08-04,2025-11-30,484,34.57,100
E100,27.25,95.5,2026-01-04,2026-03-31,87,6.21,100
E100,27.25,95.5,2026-05-05,2026-05-27,23,1.64,100
E101,27.75,95.25,2023-02-01,2023-08-29,210,15.0,101
E101,27.75,95.25,2023-10-07,2023-12-29,84,6.0,101
E101,27.75,95.25,2024-03-01,2024-03-29,29,2.07,101
E101,27.75,95.25,2024-05-04,2024-06-30,58,4.14,101
E101,27.75,95.25,2024-08-01,2025-05-27,300,21.43,101
E101,27.75,95.25,2025-07-04,2025-08-30,58,4.14,101
E101,27.75,95.25,2025-10-06,2025-10-27,22,1.57,101
E101,27.75,95.25,2026-01-02,2026-01-30,29,2.07,101
E101,27.75,95.25,2026-03-07,2026-04-28,53,3.79,101
E102,27.75,94.75,2023-01-01,2023-02-26,57,4.07,102
E102,27.75,94.75,2023-04-01,2023-05-31,61,4.36,102
E102,27.75,94.75,2023-07-04,2023-12-31,181,12.93,102
E102,27.75,94.75,2024-04-02,2024-06-28,88,6.29,102
E102,27.75,94.75,2024-08-01,2024-11-26,118,8.43,102
E102,27.75,94.75,2025-01-04,2025-05-30,147,10.5,102
E102,27.75,94.75,2025-07-31,2026-03-26,239,17.07,102
E102,27.75,94.75,2026-05-01,2026-05-31,31,2.21,102
E103,26.75,90.5,2023-04-01,2023-08-28,150,10.71,103
E103,26.75,90.5,2023-11-02,2023-12-31,60,4.29,103
E103,26.75,90.5,2024-03-01,2024-03-29,29,2.07,103
E103,26.75,90.5,2024-05-02,2024-06-25,55,3.93,103
E103,26.75,90.5,2024-08-04,2024-10-27,85,6.07,103
E103,26.75,90.5,2024-12-01,2025-03-31,121,8.64,103
E103,26.75,90.5,2025-05-07,2026-05-28,387,27.64,103
E104,27.0,92.75,2023-01-03,2023-01-25,23,1.64,104
E104,27.0,92.75,2023-05-07,2023-07-27,82,5.86,104
E104,27.0,92.75,2024-04-05,2024-04-26,22,1.57,104
E104,27.0,92.75,2024-06-02,2024-06-30,29,2.07,104
E104,27.0,92.75,2024-08-07,2025-01-26,173,12.36,104
E104,27.0,92.75,2025-03-07,2025-05-27,82,5.86,104
E104,27.0,92.75,2025-07-01,2026-05-30,334,23.86,104
E105,26.75,94.75,2023-01-03,2023-01-31,29,2.07,105
E105,26.75,94.75,2023-04-01,2023-07-31,122,8.71,105
E105,26.75,94.75,2023-10-01,2023-12-27,88,6.29,105
E105,26.75,94.75,2024-02-05,2024-04-25,81,5.79,105
E105,26.75,94.75,2024-06-04,2024-06-25,22,1.57,105
E105,26.75,94.75,2024-09-04,2024-09-26,23,1.64,105
E105,26.75,94.75,2024-11-01,2025-06-27,239,17.07,105
E105,26.75,94.75,2025-08-02,2026-01-31,183,13.07,105
E105,26.75,94.75,2026-04-03,2026-05-31,59,4.21,105
E106,27.75,95.5,2023-01-31,2023-03-29,58,4.14,106
E106,27.75,95.5,2023-05-03,2023-07-27,86,6.14,106
E106,27.75,95.5,2023-09-04,2023-09-25,22,1.57,106
E106,27.75,95.5,2023-11-04,2023-12-26,53,3.79,106
E106,27.75,95.5,2024-03-05,2024-03-26,22,1.57,106
E106,27.75,95.5,2024-05-07,2024-06-29,54,3.86,106
E106,27.75,95.5,2024-08-03,2025-03-31,241,17.21,106
E106,27.75,95.5,2025-05-05,2026-01-31,272,19.43,106
E106,27.75,95.5,2026-05-01,2026-05-29,29,2.07,106
E107,25.75,90.0,2023-01-04,2023-12-31,362,25.86,107
E107,25.75,90.0,2024-02-01,2024-05-31,121,8.64,107
E107,25.75,90.0,2024-11-02,2025-07-31,272,19.43,107
E107,25.75,90.0,2025-10-02,2025-11-30,60,4.29,107
E107,25.75,90.0,2026-02-07,2026-03-29,51,3.64,107
E107,25.75,90.0,2026-05-02,2026-05-30,29,2.07,107
E108,26.0,92.5,2023-05-06,2023-12-31,240,17.14,108
E108,26.0,92.5,2024-02-01,2024-05-31,121,8.64,108
E108,26.0,92.5,2024-07-31,2024-09-24,56,4.0,108
E108,26.0,92.5,2025-01-05,2025-01-26,22,1.57,108
E108,26.0,92.5,2025-03-05,2025-04-30,57,4.07,108
E108,26.0,92.5,2025-06-02,2026-03-29,301,21.5,108
E108,26.0,92.5,2026-05-01,2026-05-31,31,2.21,108
E109,25.25,93.0,2023-05-01,2023-05-29,29,2.07,109
E109,25.25,93.0,2023-11-05,2023-12-27,53,3.79,109
E109,25.25,93.0,2024-05-03,2024-06-29,58,4.14,109
E109,25.25,93.0,2024-08-02,2024-09-28,58,4.14,109
E109,25.25,93.0,2024-11-01,2025-04-30,181,12.93,109
E109,25.25,93.0,2025-06-02,2026-03-29,301,21.5,109
E109,25.25,93.0,2026-05-06,2026-05-27,22,1.57,109
E110,25.75,92.75,2023-02-01,2023-02-22,22,1.57,110
E110,25.75,92.75,2023-04-03,2023-04-24,22,1.57,110
E110,25.75,92.75,2023-06-01,2023-07-28,58,4.14,110
E110,25.75,92.75,2023-11-01,2023-12-25,55,3.93,110
E110,25.75,92.75,2024-03-06,2024-03-28,23,1.64,110
E110,25.75,92.75,2024-05-02,2024-06-24,54,3.86,110
E110,25.75,92.75,2024-08-01,2024-09-29,60,4.29,110
E110,25.75,92.75,2024-12-01,2025-05-25,176,12.57,110
E110,25.75,92.75,2025-07-01,2025-07-30,30,2.14,110
E110,25.75,92.75,2025-09-04,2025-09-25,22,1.57,110
E110,25.75,92.75,2025-11-07,2025-12-31,55,3.93,110
E110,25.75,92.75,2026-03-03,2026-03-31,29,2.07,110
E110,25.75,92.75,2026-05-01,2026-05-30,30,2.14,110
E111,26.25,93.25,2023-01-01,2023-01-31,31,2.21,111
E111,26.25,93.25,2023-09-05,2023-12-27,114,8.14,111
E111,26.25,93.25,2024-02-04,2024-03-30,56,4.0,111
E111,26.25,93.25,2024-05-01,2024-06-27,58,4.14,111
E111,26.25,93.25,2024-08-01,2024-08-29,29,2.07,111
E111,26.25,93.25,2024-10-04,2024-11-30,58,4.14,111
E111,26.25,93.25,2025-05-02,2025-12-30,243,17.36,111
E111,26.25,93.25,2026-02-06,2026-05-30,114,8.14,111
E112,27.0,93.5,2023-02-01,2023-02-25,25,1.79,112
E112,27.0,93.5,2023-04-04,2023-10-29,209,14.93,112
E112,27.0,93.5,2023-12-03,2023-12-31,29,2.07,112
E112,27.0,93.5,2024-04-01,2024-05-31,61,4.36,112
E112,27.0,93.5,2024-08-04,2024-08-25,22,1.57,112
E112,27.0,93.5,2024-11-02,2024-11-30,29,2.07,112
E112,27.0,93.5,2025-01-02,2025-08-31,242,17.29,112
E112,27.0,93.5,2025-12-02,2025-12-31,30,2.14,112
E112,27.0,93.5,2026-02-01,2026-03-25,53,3.79,112
E112,27.0,93.5,2026-05-06,2026-05-27,22,1.57,112
E113,27.0,95.25,2023-01-07,2023-05-30,144,10.29,113
E113,27.0,95.25,2023-07-03,2023-07-31,29,2.07,113
E113,27.0,95.25,2023-10-01,2023-12-30,91,6.5,113
E113,27.0,95.25,2024-03-05,2024-04-27,54,3.86,113
E113,27.0,95.25,2024-08-04,2024-12-31,150,10.71,113
E113,27.0,95.25,2025-03-01,2025-03-29,29,2.07,113
E113,27.0,95.25,2025-05-03,2025-06-30,59,4.21,113
E113,27.0,95.25,2025-09-03,2025-09-25,23,1.64,113
E113,27.0,95.25,2025-11-02,2026-01-31,91,6.5,113
E113,27.0,95.25,2026-04-07,2026-05-29,53,3.79,113
E114,25.5,92.75,2023-04-04,2023-05-25,52,3.71,114
E114,25.5,92.75,2023-07-02,2023-08-26,56,4.0,114
E114,25.5,92.75,2023-12-07,2023-12-28,22,1.57,114
E114,25.5,92.75,2024-03-03,2024-06-25,115,8.21,114
E114,25.5,92.75,2024-08-01,2024-08-29,29,2.07,114
E114,25.5,92.75,2024-11-01,2025-02-26,118,8.43,114
E114,25.5,92.75,2025-04-04,2025-05-25,52,3.71,114
E114,25.5,92.75,2025-07-04,2025-09-28,87,6.21,114
E114,25.5,92.75,2025-11-07,2025-11-28,22,1.57,114
E114,25.5,92.75,2026-01-02,2026-01-30,29,2.07,114
E114,25.5,92.75,2026-04-04,2026-04-25,22,1.57,114
E115,24.25,92.25,2023-03-02,2023-04-24,54,3.86,115
E115,24.25,92.25,2024-03-03,2024-03-31,29,2.07,115
E115,24.25,92.25,2024-05-06,2024-06-28,54,3.86,115
E115,24.25,92.25,2024-08-02,2024-09-27,57,4.07,115
E115,24.25,92.25,2024-11-05,2025-06-27,235,16.79,115
E115,24.25,92.25,2025-08-06,2025-12-29,146,10.43,115
E115,24.25,92.25,2026-02-02,2026-03-29,56,4.0,115
E116,25.5,90.0,2023-01-05,2023-01-28,24,1.71,116
E116,25.5,90.0,2023-04-01,2023-05-30,60,4.29,116
E116,25.5,90.0,2023-07-01,2023-07-29,29,2.07,116
E116,25.5,90.0,2024-03-03,2024-04-28,57,4.07,116
E116,25.5,90.0,2024-09-04,2024-09-25,22,1.57,116
E116,25.5,90.0,2024-12-02,2025-03-31,120,8.57,116
E116,25.5,90.0,2025-07-01,2025-12-28,181,12.93,116
E116,25.5,90.0,2026-04-03,2026-05-29,57,4.07,116
E117,27.5,95.75,2023-03-05,2023-03-26,22,1.57,117
E117,27.5,95.75,2024-08-06,2025-06-29,328,23.43,117
E117,27.5,95.75,2025-08-02,2026-01-31,183,13.07,117
E117,27.5,95.75,2026-04-01,2026-05-28,58,4.14,117
E118,25.75,93.5,2023-03-02,2023-07-28,149,10.64,118
E118,25.75,93.5,2023-11-03,2023-12-30,58,4.14,118
E118,25.75,93.5,2024-02-02,2024-03-25,53,3.79,118
E118,25.75,93.5,2024-09-06,2024-09-27,22,1.57,118
E118,25.75,93.5,2024-12-05,2024-12-26,22,1.57,118
E118,25.75,93.5,2025-02-06,2025-02-27,22,1.57,118
E118,25.75,93.5,2025-11-06,2025-12-30,55,3.93,118
E118,25.75,93.5,2026-02-01,2026-05-28,117,8.36,118
E119,25.25,93.25,2023-04-01,2023-04-29,29,2.07,119
E119,25.25,93.25,2023-06-03,2023-06-24,22,1.57,119
E119,25.25,93.25,2023-10-06,2023-10-27,22,1.57,119
E119,25.25,93.25,2023-12-02,2023-12-30,29,2.07,119
E119,25.25,93.25,2024-02-04,2024-06-30,148,10.57,119
E119,25.25,93.25,2024-07-31,2024-12-30,153,10.93,119
E119,25.25,93.25,2025-03-04,2025-09-28,209,14.93,119
E119,25.25,93.25,2026-01-04,2026-01-25,22,1.57,119
E119,25.25,93.25,2026-04-07,2026-05-29,53,3.79,119
E120,26.75,91.0,2022-12-31,2023-02-26,58,4.14,120
E120,26.75,91.0,2023-04-06,2023-04-28,23,1.64,120
E120,26.75,91.0,2023-06-02,2023-06-30,29,2.07,120
E120,26.75,91.0,2023-09-30,2023-10-28,29,2.07,120
E120,26.75,91.0,2023-12-07,2023-12-28,22,1.57,120
E120,26.75,91.0,2024-03-01,2024-03-29,29,2.07,120
E120,26.75,91.0,2024-06-03,2024-06-26,24,1.71,120
E120,26.75,91.0,2024-09-07,2024-09-28,22,1.57,120
E120,26.75,91.0,2024-11-03,2024-11-24,22,1.57,120
E120,26.75,91.0,2025-01-02,2025-01-30,29,2.07,120
E120,26.75,91.0,2025-03-06,2025-04-29,55,3.93,120
E120,26.75,91.0,2025-06-04,2025-08-31,89,6.36,120
E120,26.75,91.0,2025-10-06,2025-10-27,22,1.57,120
E120,26.75,91.0,2026-04-04,2026-04-25,22,1.57,120
E121,25.5,93.0,2022-12-31,2023-01-30,31,2.21,121
E121,25.5,93.0,2023-04-05,2023-04-26,22,1.57,121
E121,25.5,93.0,2023-05-31,2023-06-28,29,2.07,121
E121,25.5,93.0,2023-08-05,2023-09-24,51,3.64,121
E121,25.5,93.0,2023-12-03,2023-12-31,29,2.07,121
E121,25.5,93.0,2024-03-01,2024-03-30,30,2.14,121
E121,25.5,93.0,2024-09-01,2024-11-29,90,6.43,121
E121,25.5,93.0,2025-01-02,2025-03-30,88,6.29,121
E121,25.5,93.0,2025-06-01,2025-06-29,29,2.07,121
E121,25.5,93.0,2025-10-05,2025-10-26,22,1.57,121
E121,25.5,93.0,2025-12-06,2025-12-27,22,1.57,121
E122,24.5,93.0,2023-01-07,2023-03-27,80,5.71,122
E122,24.5,93.0,2023-05-07,2023-05-28,22,1.57,122
E122,24.5,93.0,2023-09-05,2023-09-26,22,1.57,122
E122,24.5,93.0,2023-12-06,2023-12-27,22,1.57,122
E122,24.5,93.0,2024-03-05,2024-03-26,22,1.57,122
E122,24.5,93.0,2024-11-04,2025-04-25,173,12.36,122
E122,24.5,93.0,2025-07-01,2025-08-27,58,4.14,122
E122,24.5,93.0,2026-01-02,2026-02-26,56,4.0,122
E122,24.5,93.0,2026-04-02,2026-05-27,56,4.0,122
E123,25.0,92.25,2023-02-03,2023-03-31,57,4.07,123
E123,25.0,92.25,2023-05-02,2023-05-30,29,2.07,123
E123,25.0,92.25,2024-09-02,2024-09-30,29,2.07,123
E123,25.0,92.25,2025-02-04,2025-02-25,22,1.57,123
E123,25.0,92.25,2025-05-03,2025-05-31,29,2.07,123
E123,25.0,92.25,2025-07-06,2025-07-28,23,1.64,123
E123,25.0,92.25,2025-09-03,2025-09-25,23,1.64,123
E123,25.0,92.25,2025-11-07,2025-12-29,53,3.79,123
E123,25.0,92.25,2026-01-31,2026-02-21,22,1.57,123
E123,25.0,92.25,2026-05-03,2026-05-31,29,2.07,123
E124,27.5,96.0,2023-05-03,2023-05-31,29,2.07,124
E124,27.5,96.0,2023-09-06,2023-09-27,22,1.57,124
E124,27.5,96.0,2024-03-03,2024-03-31,29,2.07,124
E124,27.5,96.0,2024-08-05,2024-12-29,147,10.5,124
E124,27.5,96.0,2025-05-05,2025-05-26,22,1.57,124
E124,27.5,96.0,2025-10-07,2025-10-28,22,1.57,124
E124,27.5,96.0,2025-12-02,2026-01-25,55,3.93,124
E124,27.5,96.0,2026-05-04,2026-05-25,22,1.57,124
E125,27.25,93.75,2023-05-02,2023-05-31,30,2.14,125
E125,27.25,93.75,2023-07-01,2023-07-29,29,2.07,125
E125,27.25,93.75,2023-12-02,2023-12-30,29,2.07,125
E125,27.25,93.75,2024-03-04,2024-06-29,118,8.43,125
E125,27.25,93.75,2024-08-06,2024-08-27,22,1.57,125
E125,27.25,93.75,2025-06-02,2025-06-30,29,2.07,125
E125,27.25,93.75,2025-11-05,2025-11-26,22,1.57,125
E125,27.25,93.75,2026-03-03,2026-03-31,29,2.07,125
E126,26.0,94.0,2023-05-07,2023-05-28,22,1.57,126
E126,26.0,94.0,2024-06-03,2024-06-24,22,1.57,126
E126,26.0,94.0,2024-08-03,2024-08-31,29,2.07,126
E126,26.0,94.0,2025-02-03,2025-03-25,51,3.64,126
E126,26.0,94.0,2025-05-02,2025-08-29,120,8.57,126
E126,26.0,94.0,2026-03-04,2026-03-26,23,1.64,126
E126,26.0,94.0,2026-05-03,2026-05-31,29,2.07,126
E127,25.5,89.75,2023-04-06,2023-05-29,54,3.86,127
E127,25.5,89.75,2023-09-06,2023-09-27,22,1.57,127
E127,25.5,89.75,2023-12-01,2023-12-29,29,2.07,127
E127,25.5,89.75,2024-05-04,2024-05-25,22,1.57,127
E127,25.5,89.75,2024-09-01,2024-09-29,29,2.07,127
E127,25.5,89.75,2025-03-03,2025-03-31,29,2.07,127
E127,25.5,89.75,2025-10-06,2025-10-27,22,1.57,127
E127,25.5,89.75,2026-01-03,2026-01-31,29,2.07,127
E128,25.5,93.25,2023-04-01,2023-04-29,29,2.07,128
E128,25.5,93.25,2023-07-05,2023-07-26,22,1.57,128
E128,25.5,93.25,2023-09-06,2023-09-27,22,1.57,128
E128,25.5,93.25,2024-06-06,2024-06-27,22,1.57,128
E128,25.5,93.25,2024-08-02,2024-08-30,29,2.07,128
E128,25.5,93.25,2025-04-01,2025-04-29,29,2.07,128
E128,25.5,93.25,2025-07-06,2025-07-27,22,1.57,128
E128,25.5,93.25,2025-09-01,2025-10-27,57,4.07,128
E129,26.5,89.75,2023-05-04,2023-05-25,22,1.57,129
E129,26.5,89.75,2023-12-07,2023-12-28,22,1.57,129
E129,26.5,89.75,2024-02-29,2024-03-31,32,2.29,129
E129,26.5,89.75,2025-02-04,2025-03-26,51,3.64,129
E129,26.5,89.75,2025-08-05,2025-08-26,22,1.57,129
E129,26.5,89.75,2025-11-06,2025-11-28,23,1.64,129
E129,26.5,89.75,2026-04-02,2026-04-30,29,2.07,129
E130,25.75,91.25,2023-06-06,2023-06-27,22,1.57,130
E130,25.75,91.25,2023-10-05,2023-10-27,23,1.64,130
E130,25.75,91.25,2023-12-02,2023-12-30,29,2.07,130
E130,25.75,91.25,2024-02-03,2024-04-30,88,6.29,130
E130,25.75,91.25,2024-09-04,2024-09-25,22,1.57,130
E130,25.75,91.25,2026-01-06,2026-01-27,22,1.57,130
E130,25.75,91.25,2026-05-05,2026-05-26,22,1.57,130
E131,27.25,96.0,2023-04-01,2023-04-29,29,2.07,131
E131,27.25,96.0,2024-04-02,2024-04-30,29,2.07,131
E131,27.25,96.0,2024-08-04,2024-08-25,22,1.57,131
E131,27.25,96.0,2024-11-30,2025-01-30,62,4.43,131
E131,27.25,96.0,2025-10-02,2025-10-30,29,2.07,131
E131,27.25,96.0,2025-12-05,2026-01-30,57,4.07,131
E132,25.75,92.5,2023-02-01,2023-03-26,54,3.86,132
E132,25.75,92.5,2023-08-04,2023-08-28,25,1.79,132
E132,25.75,92.5,2025-11-02,2025-11-30,29,2.07,132
E132,25.75,92.5,2026-03-06,2026-03-28,23,1.64,132
E132,25.75,92.5,2026-05-05,2026-05-26,22,1.57,132
E133,27.0,93.0,2025-03-05,2025-03-26,22,1.57,133
E133,27.0,93.0,2026-01-04,2026-03-25,81,5.79,133
E134,27.0,92.25,2024-03-01,2024-04-30,61,4.36,134
E134,27.0,92.25,2025-07-31,2025-08-28,29,2.07,134
E134,27.0,92.25,2026-03-03,2026-03-31,29,2.07,134
E135,28.0,96.0,2023-03-01,2023-03-29,29,2.07,135
E135,28.0,96.0,2023-05-01,2023-05-29,29,2.07,135
E135,28.0,96.0,2023-07-04,2023-07-25,22,1.57,135
E135,28.0,96.0,2023-11-01,2023-11-29,29,2.07,135
E136,26.75,90.75,2023-02-02,2023-02-23,22,1.57,136
E136,26.75,90.75,2025-02-01,2025-02-22,22,1.57,136
E136,26.75,90.75,2025-04-07,2025-04-28,22,1.57,136
E137,26.75,90.0,2025-07-06,2025-07-27,22,1.57,137
E137,26.75,90.0,2025-12-06,2025-12-27,22,1.57,137
E137,26.75,90.0,2026-02-02,2026-02-23,22,1.57,137
E138,25.0,93.25,2025-04-02,2025-04-24,23,1.64,138
E138,25.0,93.25,2025-10-01,2025-10-29,29,2.07,138
E139,25.75,91.5,2026-01-02,2026-01-30,29,2.07,139
E139,25.75,91.5,2026-05-05,2026-05-26,22,1.57,139
E140,27.0,92.0,2023-08-05,2023-08-26,22,1.57,140
E140,27.0,92.0,2025-01-05,2025-01-26,22,1.57,140
E141,27.0,93.25,2023-01-05,2023-01-26,22,1.57,141
E141,27.0,93.25,2023-03-03,2023-03-31,29,2.07,141
E142,27.0,92.5,2023-03-04,2023-03-25,22,1.57,142
E142,27.0,92.5,2026-04-06,2026-04-27,22,1.57,142
E143,27.75,96.0,2023-03-07,2023-03-28,22,1.57,143
E143,27.75,96.0,2026-05-04,2026-05-25,22,1.57,143
E144,25.75,91.0,2023-11-05,2023-11-26,22,1.57,144
E145,25.75,92.25,2023-05-01,2023-05-29,29,2.07,145
E146,25.75,89.75,2026-05-07,2026-05-28,22,1.57,146
E147,26.25,94.25,2025-04-03,2025-04-24,22,1.57,147
E148,26.5,94.75,2024-11-03,2024-11-24,22,1.57,148
E149,26.75,90.25,2024-04-06,2024-04-27,22,1.57,149
E150,28.0,95.5,2025-12-07,2025-12-28,22,1.57,150
