time_utc,point_id,site,frc,current_speed_kmh,free_flow_speed_kmh,current_tt_s,free_flow_tt_s,confidence,road_closure
2026-09-26 12:54:54+00:00,NH27_J_01,NH27_Jalukbari_Saraighat_Amingaon,FRC1,48,56,1394,1195,0.995929,False
2026-09-26 12:54:54+00:00,NH27_J_02,NH27_Jalukbari_Saraighat_Amingaon,FRC1,47,56,1422,1194,0.999098,False
2026-09-26 12:54:54+00:00,NH27_J_03,NH27_Jalukbari_Saraighat_Amingaon,FRC1,47,56,1422,1194,0.999098,False
2026-09-26 12:54:54+00:00,NH27_J_04,NH27_Jalukbari_Saraighat_Amingaon,FRC1,47,56,1422,1194,0.999098,False
2026-09-26 12:54:54+00:00,NH27_J_05,NH27_Jalukbari_Saraighat_Amingaon,FRC1,34,49,560,389,1.0,False
2026-09-26 12:54:54+00:00,NH27_J_06,NH27_Jalukbari_Saraighat_Amingaon,FRC1,33,43,763,585,0.976834,False
2026-09-26 12:54:54+00:00,NH27_J_07,NH27_Jalukbari_Saraighat_Amingaon,FRC2,24,29,49,40,1.0,False
2026-09-26 12:54:54+00:00,NH27_J_08,NH27_Jalukbari_Saraighat_Amingaon,FRC1,38,50,805,611,0.981613,False
2026-09-26 12:54:54+00:00,GS_Roa_09,GS_Road_Dispur_Khanapara,FRC1,45,45,51,51,1.0,False
2026-09-26 12:54:54+00:00,GS_Roa_10,GS_Road_Dispur_Khanapara,FRC4,14,18,13,10,0.99,False
2026-09-26 12:54:54+00:00,GS_Roa_11,GS_Road_Dispur_Khanapara,FRC1,38,38,576,576,1.0,False
2026-09-26 12:54:54+00:00,GS_Roa_12,GS_Road_Dispur_Khanapara,FRC4,22,33,583,389,0.953277,False
2026-09-26 12:54:54+00:00,GS_Roa_13,GS_Road_Dispur_Khanapara,FRC1,22,32,60,41,1.0,False
2026-09-26 12:54:54+00:00,GS_Roa_14,GS_Road_Dispur_Khanapara,FRC1,47,56,1422,1194,0.999098,False
2026-09-26 12:54:54+00:00,GS_Roa_15,GS_Road_Dispur_Khanapara,FRC1,47,56,1422,1194,0.999098,False
2026-09-26 12:54:54+00:00,GS_Roa_16,GS_Road_Dispur_Khanapara,FRC1,4,23,316,54,1.0,False
2026-09-26 12:54:54+00:00,NH27_C_17,NH27_Changsari_Baihata,FRC1,41,54,1264,959,0.744861,False
2026-09-26 12:54:54+00:00,NH27_C_18,NH27_Changsari_Baihata,FRC1,38,50,805,611,0.981613,False
2026-09-26 12:54:54+00:00,NH27_C_19,NH27_Changsari_Baihata,FRC1,43,53,1629,1321,0.898064,False
2026-09-26 12:54:54+00:00,NH27_C_20,NH27_Changsari_Baihata,FRC1,43,53,1629,1321,0.898064,False
2026-09-26 12:54:54+00:00,NH27_C_21,NH27_Changsari_Baihata,FRC1,42,53,1667,1321,0.89834,False
2026-09-26 12:54:54+00:00,NH27_C_22,NH27_Changsari_Baihata,FRC1,41,54,1264,959,0.74133,False
2026-09-26 12:54:54+00:00,NH27_C_23,NH27_Changsari_Baihata,FRC1,42,53,1667,1321,0.89834,False
2026-09-26 12:54:54+00:00,NH27_C_24,NH27_Changsari_Baihata,FRC1,41,54,1264,959,0.74133,False
2026-09-26 13:55:21+00:00,NH27_J_01,NH27_Jalukbari_Saraighat_Amingaon,FRC1,51,55,1312,1216,0.99094,False
2026-09-26 13:55:21+00:00,NH27_J_02,NH27_Jalukbari_Saraighat_Amingaon,FRC1,49,55,1364,1215,0.999098,False
2026-09-26 13:55:21+00:00,NH27_J_03,NH27_Jalukbari_Saraighat_Amingaon,FRC1,49,55,1364,1215,0.999098,False
2026-09-26 13:55:21+00:00,NH27_J_04,NH27_Jalukbari_Saraighat_Amingaon,FRC1,49,55,1364,1215,0.999098,False
2026-09-26 13:55:21+00:00,NH27_J_05,NH27_Jalukbari_Saraighat_Amingaon,FRC1,39,49,489,389,1.0,False
2026-09-26 13:55:21+00:00,NH27_J_06,NH27_Jalukbari_Saraighat_Amingaon,FRC1,34,43,740,585,0.897786,False
2026-09-26 13:55:21+00:00,NH27_J_07,NH27_Jalukbari_Saraighat_Amingaon,FRC2,31,31,37,37,1.0,False
2026-09-26 13:55:21+00:00,NH27_J_08,NH27_Jalukbari_Saraighat_Amingaon,FRC1,39,50,784,611,0.98,False
2026-09-26 13:55:21+00:00,GS_Roa_09,GS_Road_Dispur_Khanapara,FRC1,45,45,51,51,1.0,False
2026-09-26 13:55:21+00:00,GS_Roa_10,GS_Road_Dispur_Khanapara,FRC4,19,19,10,10,1.0,False
2026-09-26 13:55:21+00:00,GS_Roa_11,GS_Road_Dispur_Khanapara,FRC1,38,38,576,576,1.0,False
2026-09-26 13:55:21+00:00,GS_Roa_12,GS_Road_Dispur_Khanapara,FRC4,20,33,642,389,0.961212,False
2026-09-26 13:55:21+00:00,GS_Roa_13,GS_Road_Dispur_Khanapara,FRC1,11,34,120,38,1.0,False
2026-09-26 13:55:21+00:00,GS_Roa_14,GS_Road_Dispur_Khanapara,FRC1,49,55,1364,1215,0.999098,False
2026-09-26 13:55:21+00:00,GS_Roa_15,GS_Road_Dispur_Khanapara,FRC1,49,55,1364,1215,0.999098,False
2026-09-26 13:55:21+00:00,GS_Roa_16,GS_Road_Dispur_Khanapara,FRC1,9,24,140,52,1.0,False
2026-09-26 13:55:21+00:00,NH27_C_17,NH27_Changsari_Baihata,FRC1,44,54,1178,959,0.862833,False
2026-09-26 13:55:21+00:00,NH27_C_18,NH27_Changsari_Baihata,FRC1,39,50,784,611,0.98,False
2026-09-26 13:55:21+00:00,NH27_C_19,NH27_Changsari_Baihata,FRC1,43,53,1629,1321,0.797892,False
2026-09-26 13:55:21+00:00,NH27_C_20,NH27_Changsari_Baihata,FRC1,43,53,1629,1321,0.797892,False
2026-09-26 13:55:21+00:00,NH27_C_21,NH27_Changsari_Baihata,FRC1,43,53,1629,1321,0.797892,False
2026-09-26 13:55:21+00:00,NH27_C_22,NH27_Changsari_Baihata,FRC1,44,54,1178,959,0.862833,False
2026-09-26 13:55:21+00:00,NH27_C_23,NH27_Changsari_Baihata,FRC1,43,53,1629,1321,0.797892,False
2026-09-26 13:55:21+00:00,NH27_C_24,NH27_Changsari_Baihata,FRC1,44,54,1178,959,0.862833,False
2026-09-26 14:55:21+00:00,NH27_J_01,NH27_Jalukbari_Saraighat_Amingaon,FRC1,56,56,1195,1195,1.0,False
2026-09-26 14:55:21+00:00,NH27_J_02,NH27_Jalukbari_Saraighat_Amingaon,FRC1,56,56,1194,1194,1.0,False
2026-09-26 14:55:21+00:00,NH27_J_03,NH27_Jalukbari_Saraighat_Amingaon,FRC1,56,56,1194,1194,1.0,False
2026-09-26 14:55:21+00:00,NH27_J_04,NH27_Jalukbari_Saraighat_Amingaon,FRC1,56,56,1194,1194,1.0,False
2026-09-26 14:55:21+00:00,NH27_J_05,NH27_Jalukbari_Saraighat_Amingaon,FRC1,40,50,476,381,1.0,False
2026-09-26 14:55:21+00:00,NH27_J_06,NH27_Jalukbari_Saraighat_Amingaon,FRC1,35,43,719,585,0.960813,False
2026-09-26 14:55:21+00:00,NH27_J_07,NH27_Jalukbari_Saraighat_Amingaon,FRC2,31,31,37,37,1.0,False
2026-09-26 14:55:21+00:00,NH27_J_08,NH27_Jalukbari_Saraighat_Amingaon,FRC1,40,49,764,624,0.97375,False
2026-09-26 14:55:21+00:00,GS_Roa_09,GS_Road_Dispur_Khanapara,FRC1,36,43,64,54,1.0,False
2026-09-26 14:55:21+00:00,GS_Roa_10,GS_Road_Dispur_Khanapara,FRC4,19,19,10,10,1.0,False
2026-09-26 14:55:21+00:00,GS_Roa_11,GS_Road_Dispur_Khanapara,FRC1,38,38,576,576,1.0,False
2026-09-26 14:55:21+00:00,GS_Roa_12,GS_Road_Dispur_Khanapara,FRC4,26,32,494,401,0.960509,False
2026-09-26 14:55:21+00:00,GS_Roa_13,GS_Road_Dispur_Khanapara,FRC1,11,34,120,38,1.0,False
2026-09-26 14:55:21+00:00,GS_Roa_14,GS_Road_Dispur_Khanapara,FRC1,56,56,1194,1194,1.0,False
2026-09-26 14:55:21+00:00,GS_Roa_15,GS_Road_Dispur_Khanapara,FRC1,56,56,1194,1194,1.0,False
2026-09-26 14:55:21+00:00,GS_Roa_16,GS_Road_Dispur_Khanapara,FRC1,18,22,70,57,1.0,False
2026-09-26 14:55:21+00:00,NH27_C_17,NH27_Changsari_Baihata,FRC1,47,54,1102,959,0.903645,False
2026-09-26 14:55:21+00:00,NH27_C_18,NH27_Changsari_Baihata,FRC1,40,49,764,624,0.97375,False
2026-09-26 14:55:21+00:00,NH27_C_19,NH27_Changsari_Baihata,FRC1,39,53,1796,1321,0.919101,False
2026-09-26 14:55:21+00:00,NH27_C_20,NH27_Changsari_Baihata,FRC1,39,53,1796,1321,0.919101,False
2026-09-26 14:55:21+00:00,NH27_C_21,NH27_Changsari_Baihata,FRC1,39,53,1796,1321,0.919101,False
2026-09-26 14:55:21+00:00,NH27_C_22,NH27_Changsari_Baihata,FRC1,47,54,1102,959,0.903645,False
2026-09-26 14:55:21+00:00,NH27_C_23,NH27_Changsari_Baihata,FRC1,39,53,1796,1321,0.919101,False
2026-09-26 14:55:21+00:00,NH27_C_24,NH27_Changsari_Baihata,FRC1,47,54,1102,959,0.903645,False
2026-09-26 15:55:30+00:00,NH27_J_01,NH27_Jalukbari_Saraighat_Amingaon,FRC1,56,56,1195,1195,1.0,False
2026-09-26 15:55:30+00:00,NH27_J_02,NH27_Jalukbari_Saraighat_Amingaon,FRC1,56,56,1194,1194,1.0,False
2026-09-26 15:55:30+00:00,NH27_J_03,NH27_Jalukbari_Saraighat_Amingaon,FRC1,56,56,1194,1194,1.0,False
2026-09-26 15:55:30+00:00,NH27_J_04,NH27_Jalukbari_Saraighat_Amingaon,FRC1,56,56,1194,1194,1.0,False
2026-09-26 15:55:30+00:00,NH27_J_05,NH27_Jalukbari_Saraighat_Amingaon,FRC1,50,50,381,381,1.0,False
2026-09-26 15:55:30+00:00,NH27_J_06,NH27_Jalukbari_Saraighat_Amingaon,FRC1,37,42,680,599,0.951948,False
2026-09-26 15:55:30+00:00,NH27_J_07,NH27_Jalukbari_Saraighat_Amingaon,FRC2,31,31,37,37,1.0,False
2026-09-26 15:55:30+00:00,NH27_J_08,NH27_Jalukbari_Saraighat_Amingaon,FRC1,50,50,611,611,1.0,False
2026-09-26 15:55:30+00:00,GS_Roa_09,GS_Road_Dispur_Khanapara,FRC1,45,45,51,51,1.0,False
2026-09-26 15:55:30+00:00,GS_Roa_10,GS_Road_Dispur_Khanapara,FRC4,15,19,12,10,0.99,False
2026-09-26 15:55:30+00:00,GS_Roa_11,GS_Road_Dispur_Khanapara,FRC1,31,38,707,576,0.959444,False
2026-09-26 15:55:30+00:00,GS_Roa_12,GS_Road_Dispur_Khanapara,FRC4,33,33,389,389,1.0,False
2026-09-26 15:55:30+00:00,GS_Roa_13,GS_Road_Dispur_Khanapara,FRC1,23,33,57,40,1.0,False
2026-09-26 15:55:30+00:00,GS_Roa_14,GS_Road_Dispur_Khanapara,FRC1,56,56,1194,1194,1.0,False
2026-09-26 15:55:30+00:00,GS_Roa_15,GS_Road_Dispur_Khanapara,FRC1,56,56,1194,1194,1.0,False
2026-09-26 15:55:30+00:00,GS_Roa_16,GS_Road_Dispur_Khanapara,FRC1,16,22,79,57,1.0,False
2026-09-26 15:55:30+00:00,NH27_C_17,NH27_Changsari_Baihata,FRC1,54,54,959,959,1.0,False
2026-09-26 15:55:30+00:00,NH27_C_18,NH27_Changsari_Baihata,FRC1,50,50,611,611,1.0,False
2026-09-26 15:55:30+00:00,NH27_C_19,NH27_Changsari_Baihata,FRC1,42,53,1667,1321,0.802394,False
2026-09-26 15:55:30+00:00,NH27_C_20,NH27_Changsari_Baihata,FRC1,42,53,1667,1321,0.802394,False
2026-09-26 15:55:30+00:00,NH27_C_21,NH27_Changsari_Baihata,FRC1,42,53,1667,1321,0.802394,False
2026-09-26 15:55:30+00:00,NH27_C_22,NH27_Changsari_Baihata,FRC1,54,54,959,959,1.0,False
2026-09-26 15:55:30+00:00,NH27_C_23,NH27_Changsari_Baihata,FRC1,42,53,1667,1321,0.802394,False
2026-09-26 15:55:30+00:00,NH27_C_24,NH27_Changsari_Baihata,FRC1,54,54,959,959,1.0,False
2026-09-26 16:55:43+00:00,NH27_J_01,NH27_Jalukbari_Saraighat_Amingaon,FRC1,56,56,1195,1195,1.0,False
2026-09-26 16:55:43+00:00,NH27_J_02,NH27_Jalukbari_Saraighat_Amingaon,FRC1,56,56,1194,1194,1.0,False
2026-09-26 16:55:43+00:00,NH27_J_03,NH27_Jalukbari_Saraighat_Amingaon,FRC1,56,56,1194,1194,1.0,False
2026-09-26 16:55:43+00:00,NH27_J_04,NH27_Jalukbari_Saraighat_Amingaon,FRC1,56,56,1194,1194,1.0,False
2026-09-26 16:55:43+00:00,NH27_J_05,NH27_Jalukbari_Saraighat_Amingaon,FRC1,50,50,381,381,1.0,False
2026-09-26 16:55:43+00:00,NH27_J_06,NH27_Jalukbari_Saraighat_Amingaon,FRC1,42,42,599,599,1.0,False
2026-09-26 16:55:43+00:00,NH27_J_07,NH27_Jalukbari_Saraighat_Amingaon,FRC2,31,31,37,37,1.0,False
2026-09-26 16:55:43+00:00,NH27_J_08,NH27_Jalukbari_Saraighat_Amingaon,FRC1,40,49,764,624,0.961932,False
2026-09-26 16:55:43+00:00,GS_Roa_09,GS_Road_Dispur_Khanapara,FRC1,45,45,51,51,1.0,False
2026-09-26 16:55:43+00:00,GS_Roa_10,GS_Road_Dispur_Khanapara,FRC4,19,19,10,10,1.0,False
2026-09-26 16:55:43+00:00,GS_Roa_11,GS_Road_Dispur_Khanapara,FRC1,38,38,576,576,1.0,False
2026-09-26 16:55:43+00:00,GS_Roa_12,GS_Road_Dispur_Khanapara,FRC4,33,33,389,389,1.0,False
2026-09-26 16:55:43+00:00,GS_Roa_13,GS_Road_Dispur_Khanapara,FRC1,33,33,40,40,1.0,False
2026-09-26 16:55:43+00:00,GS_Roa_14,GS_Road_Dispur_Khanapara,FRC1,56,56,1194,1194,1.0,False
2026-09-26 16:55:43+00:00,GS_Roa_15,GS_Road_Dispur_Khanapara,FRC1,56,56,1194,1194,1.0,False
2026-09-26 16:55:43+00:00,GS_Roa_16,GS_Road_Dispur_Khanapara,FRC1,16,22,79,57,1.0,False
2026-09-26 16:55:43+00:00,NH27_C_17,NH27_Changsari_Baihata,FRC1,43,54,1205,959,0.791489,False
2026-09-26 16:55:43+00:00,NH27_C_18,NH27_Changsari_Baihata,FRC1,40,49,764,624,0.961932,False
2026-09-26 16:55:43+00:00,NH27_C_19,NH27_Changsari_Baihata,FRC1,53,53,1321,1321,1.0,False
2026-09-26 16:55:43+00:00,NH27_C_20,NH27_Changsari_Baihata,FRC1,53,53,1321,1321,1.0,False
2026-09-26 16:55:43+00:00,NH27_C_21,NH27_Changsari_Baihata,FRC1,53,53,1321,1321,1.0,False
2026-09-26 16:55:43+00:00,NH27_C_22,NH27_Changsari_Baihata,FRC1,43,54,1205,959,0.791489,False
2026-09-26 16:55:43+00:00,NH27_C_23,NH27_Changsari_Baihata,FRC1,53,53,1321,1321,1.0,False
2026-09-26 16:55:43+00:00,NH27_C_24,NH27_Changsari_Baihata,FRC1,43,54,1205,959,0.791489,False
2026-09-26 17:56:02+00:00,NH27_J_01,NH27_Jalukbari_Saraighat_Amingaon,FRC1,56,56,1195,1195,1.0,False
2026-09-26 17:56:02+00:00,NH27_J_02,NH27_Jalukbari_Saraighat_Amingaon,FRC1,56,56,1194,1194,1.0,False
2026-09-26 17:56:02+00:00,NH27_J_03,NH27_Jalukbari_Saraighat_Amingaon,FRC1,56,56,1194,1194,1.0,False
2026-09-26 17:56:02+00:00,NH27_J_04,NH27_Jalukbari_Saraighat_Amingaon,FRC1,56,56,1194,1194,1.0,False
2026-09-26 17:56:02+00:00,NH27_J_05,NH27_Jalukbari_Saraighat_Amingaon,FRC1,50,50,381,381,1.0,False
2026-09-26 17:56:02+00:00,NH27_J_06,NH27_Jalukbari_Saraighat_Amingaon,FRC1,42,42,599,599,1.0,False
2026-09-26 17:56:02+00:00,NH27_J_07,NH27_Jalukbari_Saraighat_Amingaon,FRC2,31,31,37,37,1.0,False
2026-09-26 17:56:02+00:00,NH27_J_08,NH27_Jalukbari_Saraighat_Amingaon,FRC1,38,49,805,624,0.939889,False
2026-09-26 17:56:02+00:00,GS_Roa_09,GS_Road_Dispur_Khanapara,FRC1,45,45,51,51,1.0,False
2026-09-26 17:56:02+00:00,GS_Roa_10,GS_Road_Dispur_Khanapara,FRC4,19,19,10,10,1.0,False
2026-09-26 17:56:02+00:00,GS_Roa_11,GS_Road_Dispur_Khanapara,FRC1,32,38,684,576,0.857771,False
2026-09-26 17:56:02+00:00,GS_Roa_12,GS_Road_Dispur_Khanapara,FRC4,33,33,389,389,1.0,False
2026-09-26 17:56:02+00:00,GS_Roa_13,GS_Road_Dispur_Khanapara,FRC1,22,32,60,41,1.0,False
2026-09-26 17:56:02+00:00,GS_Roa_14,GS_Road_Dispur_Khanapara,FRC1,56,56,1194,1194,1.0,False
2026-09-26 17:56:02+00:00,GS_Roa_15,GS_Road_Dispur_Khanapara,FRC1,56,56,1194,1194,1.0,False
2026-09-26 17:56:02+00:00,GS_Roa_16,GS_Road_Dispur_Khanapara,FRC1,22,22,57,57,1.0,False
2026-09-26 17:56:02+00:00,NH27_C_17,NH27_Changsari_Baihata,FRC1,42,54,1234,959,0.900248,False
2026-09-26 17:56:02+00:00,NH27_C_18,NH27_Changsari_Baihata,FRC1,38,49,805,624,0.939889,False
2026-09-26 17:56:02+00:00,NH27_C_19,NH27_Changsari_Baihata,FRC1,53,53,1321,1321,1.0,False
2026-09-26 17:56:02+00:00,NH27_C_20,NH27_Changsari_Baihata,FRC1,53,53,1321,1321,1.0,False
2026-09-26 17:56:02+00:00,NH27_C_21,NH27_Changsari_Baihata,FRC1,53,53,1321,1321,1.0,False
2026-09-26 17:56:02+00:00,NH27_C_22,NH27_Changsari_Baihata,FRC1,42,54,1234,959,0.888,False
2026-09-26 17:56:02+00:00,NH27_C_23,NH27_Changsari_Baihata,FRC1,53,53,1321,1321,1.0,False
2026-09-26 17:56:02+00:00,NH27_C_24,NH27_Changsari_Baihata,FRC1,42,54,1234,959,0.888,False
2026-09-26 18:56:16+00:00,NH27_J_01,NH27_Jalukbari_Saraighat_Amingaon,FRC1,56,56,1195,1195,1.0,False
2026-09-26 18:56:16+00:00,NH27_J_02,NH27_Jalukbari_Saraighat_Amingaon,FRC1,56,56,1194,1194,1.0,False
2026-09-26 18:56:16+00:00,NH27_J_03,NH27_Jalukbari_Saraighat_Amingaon,FRC1,56,56,1194,1194,1.0,False
2026-09-26 18:56:16+00:00,NH27_J_04,NH27_Jalukbari_Saraighat_Amingaon,FRC1,56,56,1194,1194,1.0,False
2026-09-26 18:56:16+00:00,NH27_J_05,NH27_Jalukbari_Saraighat_Amingaon,FRC1,41,49,465,389,0.986349,False
2026-09-26 18:56:16+00:00,NH27_J_06,NH27_Jalukbari_Saraighat_Amingaon,FRC1,42,42,599,599,1.0,False
2026-09-26 18:56:16+00:00,NH27_J_07,NH27_Jalukbari_Saraighat_Amingaon,FRC2,31,31,37,37,1.0,False
2026-09-26 18:56:16+00:00,NH27_J_08,NH27_Jalukbari_Saraighat_Amingaon,FRC1,50,50,611,611,1.0,False
2026-09-26 18:56:16+00:00,GS_Roa_09,GS_Road_Dispur_Khanapara,FRC1,45,45,51,51,1.0,False
2026-09-26 18:56:16+00:00,GS_Roa_10,GS_Road_Dispur_Khanapara,FRC4,19,19,10,10,1.0,False
2026-09-26 18:56:16+00:00,GS_Roa_11,GS_Road_Dispur_Khanapara,FRC1,38,38,576,576,1.0,False
2026-09-26 18:56:16+00:00,GS_Roa_12,GS_Road_Dispur_Khanapara,FRC4,33,33,389,389,1.0,False
2026-09-26 18:56:16+00:00,GS_Roa_13,GS_Road_Dispur_Khanapara,FRC1,23,33,57,40,1.0,False
2026-09-26 18:56:16+00:00,GS_Roa_14,GS_Road_Dispur_Khanapara,FRC1,56,56,1194,1194,1.0,False
2026-09-26 18:56:16+00:00,GS_Roa_15,GS_Road_Dispur_Khanapara,FRC1,56,56,1194,1194,1.0,False
2026-09-26 18:56:16+00:00,GS_Roa_16,GS_Road_Dispur_Khanapara,FRC1,22,22,57,57,1.0,False
2026-09-26 18:56:16+00:00,NH27_C_17,NH27_Changsari_Baihata,FRC1,54,54,959,959,1.0,False
2026-09-26 18:56:16+00:00,NH27_C_18,NH27_Changsari_Baihata,FRC1,50,50,611,611,1.0,False
2026-09-26 18:56:16+00:00,NH27_C_19,NH27_Changsari_Baihata,FRC1,53,53,1321,1321,1.0,False
2026-09-26 18:56:16+00:00,NH27_C_20,NH27_Changsari_Baihata,FRC1,53,53,1321,1321,1.0,False
2026-09-26 18:56:16+00:00,NH27_C_21,NH27_Changsari_Baihata,FRC1,53,53,1321,1321,1.0,False
2026-09-26 18:56:16+00:00,NH27_C_22,NH27_Changsari_Baihata,FRC1,54,54,959,959,1.0,False
2026-09-26 18:56:16+00:00,NH27_C_23,NH27_Changsari_Baihata,FRC1,53,53,1321,1321,1.0,False
2026-09-26 18:56:16+00:00,NH27_C_24,NH27_Changsari_Baihata,FRC1,54,54,959,959,1.0,False
2026-09-26 19:56:31+00:00,NH27_J_01,NH27_Jalukbari_Saraighat_Amingaon,FRC1,56,56,1195,1195,1.0,False
2026-09-26 19:56:31+00:00,NH27_J_02,NH27_Jalukbari_Saraighat_Amingaon,FRC1,56,56,1194,1194,1.0,False
2026-09-26 19:56:31+00:00,NH27_J_03,NH27_Jalukbari_Saraighat_Amingaon,FRC1,56,56,1194,1194,1.0,False
2026-09-26 19:56:31+00:00,NH27_J_04,NH27_Jalukbari_Saraighat_Amingaon,FRC1,56,56,1194,1194,1.0,False
2026-09-26 19:56:31+00:00,NH27_J_05,NH27_Jalukbari_Saraighat_Amingaon,FRC1,50,50,381,381,1.0,False
2026-09-26 19:56:31+00:00,NH27_J_06,NH27_Jalukbari_Saraighat_Amingaon,FRC1,42,42,599,599,1.0,False
2026-09-26 19:56:31+00:00,NH27_J_07,NH27_Jalukbari_Saraighat_Amingaon,FRC2,31,31,37,37,1.0,False
2026-09-26 19:56:31+00:00,NH27_J_08,NH27_Jalukbari_Saraighat_Amingaon,FRC1,50,50,611,611,1.0,False
2026-09-26 19:56:31+00:00,GS_Roa_09,GS_Road_Dispur_Khanapara,FRC1,45,45,51,51,1.0,False
2026-09-26 19:56:31+00:00,GS_Roa_10,GS_Road_Dispur_Khanapara,FRC4,19,19,10,10,1.0,False
2026-09-26 19:56:31+00:00,GS_Roa_11,GS_Road_Dispur_Khanapara,FRC1,38,38,576,576,1.0,False
2026-09-26 19:56:31+00:00,GS_Roa_12,GS_Road_Dispur_Khanapara,FRC4,33,33,389,389,1.0,False
2026-09-26 19:56:31+00:00,GS_Roa_13,GS_Road_Dispur_Khanapara,FRC1,26,32,50,41,1.0,False
2026-09-26 19:56:31+00:00,GS_Roa_14,GS_Road_Dispur_Khanapara,FRC1,56,56,1194,1194,1.0,False
2026-09-26 19:56:31+00:00,GS_Roa_15,GS_Road_Dispur_Khanapara,FRC1,56,56,1194,1194,1.0,False
2026-09-26 19:56:31+00:00,GS_Roa_16,GS_Road_Dispur_Khanapara,FRC1,22,22,57,57,1.0,False
2026-09-26 19:56:31+00:00,NH27_C_17,NH27_Changsari_Baihata,FRC1,54,54,959,959,1.0,False
2026-09-26 19:56:31+00:00,NH27_C_18,NH27_Changsari_Baihata,FRC1,50,50,611,611,1.0,False
2026-09-26 19:56:31+00:00,NH27_C_19,NH27_Changsari_Baihata,FRC1,53,53,1321,1321,1.0,False
2026-09-26 19:56:31+00:00,NH27_C_20,NH27_Changsari_Baihata,FRC1,53,53,1321,1321,1.0,False
2026-09-26 19:56:31+00:00,NH27_C_21,NH27_Changsari_Baihata,FRC1,53,53,1321,1321,1.0,False
2026-09-26 19:56:31+00:00,NH27_C_22,NH27_Changsari_Baihata,FRC1,54,54,959,959,1.0,False
2026-09-26 19:56:31+00:00,NH27_C_23,NH27_Changsari_Baihata,FRC1,53,53,1321,1321,1.0,False
2026-09-26 19:56:31+00:00,NH27_C_24,NH27_Changsari_Baihata,FRC1,54,54,959,959,1.0,False
2026-09-26 20:56:50+00:00,NH27_J_01,NH27_Jalukbari_Saraighat_Amingaon,FRC1,56,56,1195,1195,1.0,False
2026-09-26 20:56:50+00:00,NH27_J_02,NH27_Jalukbari_Saraighat_Amingaon,FRC1,56,56,1194,1194,1.0,False
2026-09-26 20:56:50+00:00,NH27_J_03,NH27_Jalukbari_Saraighat_Amingaon,FRC1,56,56,1194,1194,1.0,False
2026-09-26 20:56:50+00:00,NH27_J_04,NH27_Jalukbari_Saraighat_Amingaon,FRC1,56,56,1194,1194,1.0,False
2026-09-26 20:56:50+00:00,NH27_J_05,NH27_Jalukbari_Saraighat_Amingaon,FRC1,50,50,381,381,1.0,False
2026-09-26 20:56:50+00:00,NH27_J_06,NH27_Jalukbari_Saraighat_Amingaon,FRC1,42,42,599,599,1.0,False
2026-09-26 20:56:50+00:00,NH27_J_07,NH27_Jalukbari_Saraighat_Amingaon,FRC2,31,31,37,37,1.0,False
2026-09-26 20:56:50+00:00,NH27_J_08,NH27_Jalukbari_Saraighat_Amingaon,FRC1,50,50,611,611,1.0,False
2026-09-26 20:56:50+00:00,GS_Roa_09,GS_Road_Dispur_Khanapara,FRC1,45,45,51,51,1.0,False
2026-09-26 20:56:50+00:00,GS_Roa_10,GS_Road_Dispur_Khanapara,FRC4,19,19,10,10,1.0,False
2026-09-26 20:56:50+00:00,GS_Roa_11,GS_Road_Dispur_Khanapara,FRC1,38,38,576,576,1.0,False
2026-09-26 20:56:50+00:00,GS_Roa_12,GS_Road_Dispur_Khanapara,FRC4,33,33,389,389,1.0,False
2026-09-26 20:56:50+00:00,GS_Roa_13,GS_Road_Dispur_Khanapara,FRC1,17,33,77,40,1.0,False
2026-09-26 20:56:50+00:00,GS_Roa_14,GS_Road_Dispur_Khanapara,FRC1,56,56,1194,1194,1.0,False
2026-09-26 20:56:50+00:00,GS_Roa_15,GS_Road_Dispur_Khanapara,FRC1,56,56,1194,1194,1.0,False
2026-09-26 20:56:50+00:00,GS_Roa_16,GS_Road_Dispur_Khanapara,FRC1,22,22,57,57,1.0,False
2026-09-26 20:56:50+00:00,NH27_C_17,NH27_Changsari_Baihata,FRC1,54,54,959,959,1.0,False
2026-09-26 20:56:50+00:00,NH27_C_18,NH27_Changsari_Baihata,FRC1,50,50,611,611,1.0,False
2026-09-26 20:56:50+00:00,NH27_C_19,NH27_Changsari_Baihata,FRC1,53,53,1321,1321,1.0,False
2026-09-26 20:56:50+00:00,NH27_C_20,NH27_Changsari_Baihata,FRC1,53,53,1321,1321,1.0,False
2026-09-26 20:56:50+00:00,NH27_C_21,NH27_Changsari_Baihata,FRC1,53,53,1321,1321,1.0,False
2026-09-26 20:56:50+00:00,NH27_C_22,NH27_Changsari_Baihata,FRC1,54,54,959,959,1.0,False
2026-09-26 20:56:50+00:00,NH27_C_23,NH27_Changsari_Baihata,FRC1,53,53,1321,1321,1.0,False
2026-09-26 20:56:50+00:00,NH27_C_24,NH27_Changsari_Baihata,FRC1,54,54,959,959,1.0,False
2026-09-26 21:57:10+00:00,NH27_J_01,NH27_Jalukbari_Saraighat_Amingaon,FRC1,56,56,1195,1195,1.0,False
2026-09-26 21:57:10+00:00,NH27_J_02,NH27_Jalukbari_Saraighat_Amingaon,FRC1,56,56,1194,1194,1.0,False
2026-09-26 21:57:10+00:00,NH27_J_03,NH27_Jalukbari_Saraighat_Amingaon,FRC1,56,56,1194,1194,1.0,False
2026-09-26 21:57:10+00:00,NH27_J_04,NH27_Jalukbari_Saraighat_Amingaon,FRC1,56,56,1194,1194,1.0,False
2026-09-26 21:57:10+00:00,NH27_J_05,NH27_Jalukbari_Saraighat_Amingaon,FRC1,50,50,381,381,1.0,False
2026-09-26 21:57:10+00:00,NH27_J_06,NH27_Jalukbari_Saraighat_Amingaon,FRC1,42,42,599,599,1.0,False
2026-09-26 21:57:10+00:00,NH27_J_07,NH27_Jalukbari_Saraighat_Amingaon,FRC2,31,31,37,37,1.0,False
2026-09-26 21:57:10+00:00,NH27_J_08,NH27_Jalukbari_Saraighat_Amingaon,FRC1,50,50,611,611,1.0,False
2026-09-26 21:57:10+00:00,GS_Roa_09,GS_Road_Dispur_Khanapara,FRC1,45,45,51,51,1.0,False
2026-09-26 21:57:10+00:00,GS_Roa_10,GS_Road_Dispur_Khanapara,FRC4,19,19,10,10,1.0,False
2026-09-26 21:57:10+00:00,GS_Roa_11,GS_Road_Dispur_Khanapara,FRC1,38,38,576,576,1.0,False
2026-09-26 21:57:10+00:00,GS_Roa_12,GS_Road_Dispur_Khanapara,FRC4,33,33,389,389,1.0,False
2026-09-26 21:57:10+00:00,GS_Roa_13,GS_Road_Dispur_Khanapara,FRC1,18,32,73,41,0.99,False
2026-09-26 21:57:10+00:00,GS_Roa_14,GS_Road_Dispur_Khanapara,FRC1,56,56,1194,1194,1.0,False
2026-09-26 21:57:10+00:00,GS_Roa_15,GS_Road_Dispur_Khanapara,FRC1,56,56,1194,1194,1.0,False
2026-09-26 21:57:10+00:00,GS_Roa_16,GS_Road_Dispur_Khanapara,FRC1,22,22,57,57,1.0,False
2026-09-26 21:57:10+00:00,NH27_C_17,NH27_Changsari_Baihata,FRC1,54,54,959,959,1.0,False
2026-09-26 21:57:10+00:00,NH27_C_18,NH27_Changsari_Baihata,FRC1,50,50,611,611,1.0,False
2026-09-26 21:57:10+00:00,NH27_C_19,NH27_Changsari_Baihata,FRC1,53,53,1321,1321,1.0,False
2026-09-26 21:57:10+00:00,NH27_C_20,NH27_Changsari_Baihata,FRC1,53,53,1321,1321,1.0,False
2026-09-26 21:57:10+00:00,NH27_C_21,NH27_Changsari_Baihata,FRC1,53,53,1321,1321,1.0,False
2026-09-26 21:57:10+00:00,NH27_C_22,NH27_Changsari_Baihata,FRC1,54,54,959,959,1.0,False
2026-09-26 21:57:10+00:00,NH27_C_23,NH27_Changsari_Baihata,FRC1,53,53,1321,1321,1.0,False
2026-09-26 21:57:10+00:00,NH27_C_24,NH27_Changsari_Baihata,FRC1,54,54,959,959,1.0,False
2026-09-27 01:06:03+00:00,NH27_J_01,NH27_Jalukbari_Saraighat_Amingaon,FRC1,56,56,1195,1195,1.0,False
2026-09-27 01:06:03+00:00,NH27_J_02,NH27_Jalukbari_Saraighat_Amingaon,FRC1,56,56,1194,1194,1.0,False
2026-09-27 01:06:03+00:00,NH27_J_03,NH27_Jalukbari_Saraighat_Amingaon,FRC1,56,56,1194,1194,1.0,False
2026-09-27 01:06:03+00:00,NH27_J_04,NH27_Jalukbari_Saraighat_Amingaon,FRC1,56,56,1194,1194,1.0,False
2026-09-27 01:06:03+00:00,NH27_J_05,NH27_Jalukbari_Saraighat_Amingaon,FRC1,50,50,381,381,1.0,False
2026-09-27 01:06:03+00:00,NH27_J_06,NH27_Jalukbari_Saraighat_Amingaon,FRC1,42,42,599,599,1.0,False
2026-09-27 01:06:03+00:00,NH27_J_07,NH27_Jalukbari_Saraighat_Amingaon,FRC2,16,32,73,36,0.97,False
2026-09-27 01:06:03+00:00,NH27_J_08,NH27_Jalukbari_Saraighat_Amingaon,FRC1,50,50,611,611,1.0,False
2026-09-27 01:06:03+00:00,GS_Roa_09,GS_Road_Dispur_Khanapara,FRC1,45,45,51,51,1.0,False
2026-09-27 01:06:03+00:00,GS_Roa_10,GS_Road_Dispur_Khanapara,FRC4,15,18,12,10,0.6,False
2026-09-27 01:06:03+00:00,GS_Roa_11,GS_Road_Dispur_Khanapara,FRC1,38,38,576,576,1.0,False
2026-09-27 01:06:03+00:00,GS_Roa_12,GS_Road_Dispur_Khanapara,FRC4,33,33,389,389,1.0,False
2026-09-27 01:06:03+00:00,GS_Roa_13,GS_Road_Dispur_Khanapara,FRC1,33,33,40,40,1.0,False
2026-09-27 01:06:03+00:00,GS_Roa_14,GS_Road_Dispur_Khanapara,FRC1,56,56,1194,1194,1.0,False
2026-09-27 01:06:03+00:00,GS_Roa_15,GS_Road_Dispur_Khanapara,FRC1,56,56,1194,1194,1.0,False
2026-09-27 01:06:03+00:00,GS_Roa_16,GS_Road_Dispur_Khanapara,FRC1,22,22,57,57,1.0,False
2026-09-27 01:06:03+00:00,NH27_C_17,NH27_Changsari_Baihata,FRC1,54,54,959,959,1.0,False
2026-09-27 01:06:03+00:00,NH27_C_18,NH27_Changsari_Baihata,FRC1,50,50,611,611,1.0,False
2026-09-27 01:06:03+00:00,NH27_C_19,NH27_Changsari_Baihata,FRC1,53,53,1321,1321,1.0,False
2026-09-27 01:06:03+00:00,NH27_C_20,NH27_Changsari_Baihata,FRC1,53,53,1321,1321,1.0,False
2026-09-27 01:06:03+00:00,NH27_C_21,NH27_Changsari_Baihata,FRC1,53,53,1321,1321,1.0,False
2026-09-27 01:06:03+00:00,NH27_C_22,NH27_Changsari_Baihata,FRC1,54,54,959,959,1.0,False
2026-09-27 01:06:03+00:00,NH27_C_23,NH27_Changsari_Baihata,FRC1,53,53,1321,1321,1.0,False
2026-09-27 01:06:03+00:00,NH27_C_24,NH27_Changsari_Baihata,FRC1,54,54,959,959,1.0,False
2026-09-27 02:06:17+00:00,NH27_J_01,NH27_Jalukbari_Saraighat_Amingaon,FRC1,56,56,1195,1195,1.0,False
2026-09-27 02:06:17+00:00,NH27_J_02,NH27_Jalukbari_Saraighat_Amingaon,FRC1,56,56,1194,1194,1.0,False
2026-09-27 02:06:17+00:00,NH27_J_03,NH27_Jalukbari_Saraighat_Amingaon,FRC1,56,56,1194,1194,1.0,False
2026-09-27 02:06:17+00:00,NH27_J_04,NH27_Jalukbari_Saraighat_Amingaon,FRC1,56,56,1194,1194,1.0,False
2026-09-27 02:06:17+00:00,NH27_J_05,NH27_Jalukbari_Saraighat_Amingaon,FRC1,50,50,381,381,1.0,False
2026-09-27 02:06:17+00:00,NH27_J_06,NH27_Jalukbari_Saraighat_Amingaon,FRC1,42,42,599,599,1.0,False
2026-09-27 02:06:17+00:00,NH27_J_07,NH27_Jalukbari_Saraighat_Amingaon,FRC2,31,31,37,37,1.0,False
2026-09-27 02:06:17+00:00,NH27_J_08,NH27_Jalukbari_Saraighat_Amingaon,FRC1,50,50,611,611,1.0,False
2026-09-27 02:06:17+00:00,GS_Roa_09,GS_Road_Dispur_Khanapara,FRC1,45,45,51,51,1.0,False
2026-09-27 02:06:17+00:00,GS_Roa_10,GS_Road_Dispur_Khanapara,FRC4,19,19,10,10,1.0,False
2026-09-27 02:06:17+00:00,GS_Roa_11,GS_Road_Dispur_Khanapara,FRC1,38,38,576,576,1.0,False
2026-09-27 02:06:17+00:00,GS_Roa_12,GS_Road_Dispur_Khanapara,FRC4,33,33,389,389,1.0,False
2026-09-27 02:06:17+00:00,GS_Roa_13,GS_Road_Dispur_Khanapara,FRC1,33,33,40,40,1.0,False
2026-09-27 02:06:17+00:00,GS_Roa_14,GS_Road_Dispur_Khanapara,FRC1,56,56,1194,1194,1.0,False
2026-09-27 02:06:17+00:00,GS_Roa_15,GS_Road_Dispur_Khanapara,FRC1,56,56,1194,1194,1.0,False
2026-09-27 02:06:17+00:00,GS_Roa_16,GS_Road_Dispur_Khanapara,FRC1,22,22,57,57,1.0,False
2026-09-27 02:06:17+00:00,NH27_C_17,NH27_Changsari_Baihata,FRC1,54,54,959,959,1.0,False
2026-09-27 02:06:17+00:00,NH27_C_18,NH27_Changsari_Baihata,FRC1,50,50,611,611,1.0,False
2026-09-27 02:06:17+00:00,NH27_C_19,NH27_Changsari_Baihata,FRC1,53,53,1321,1321,1.0,False
2026-09-27 02:06:17+00:00,NH27_C_20,NH27_Changsari_Baihata,FRC1,53,53,1321,1321,1.0,False
2026-09-27 02:06:17+00:00,NH27_C_21,NH27_Changsari_Baihata,FRC1,53,53,1321,1321,1.0,False
2026-09-27 02:06:17+00:00,NH27_C_22,NH27_Changsari_Baihata,FRC1,54,54,959,959,1.0,False
2026-09-27 02:06:17+00:00,NH27_C_23,NH27_Changsari_Baihata,FRC1,53,53,1321,1321,1.0,False
2026-09-27 02:06:17+00:00,NH27_C_24,NH27_Changsari_Baihata,FRC1,54,54,959,959,1.0,False
2026-09-27 03:06:36+00:00,NH27_J_01,NH27_Jalukbari_Saraighat_Amingaon,FRC1,56,56,1195,1195,1.0,False
2026-09-27 03:06:36+00:00,NH27_J_02,NH27_Jalukbari_Saraighat_Amingaon,FRC1,56,56,1194,1194,1.0,False
2026-09-27 03:06:36+00:00,NH27_J_03,NH27_Jalukbari_Saraighat_Amingaon,FRC1,56,56,1194,1194,1.0,False
2026-09-27 03:06:36+00:00,NH27_J_04,NH27_Jalukbari_Saraighat_Amingaon,FRC1,56,56,1194,1194,1.0,False
2026-09-27 03:06:36+00:00,NH27_J_05,NH27_Jalukbari_Saraighat_Amingaon,FRC1,50,50,381,381,1.0,False
2026-09-27 03:06:36+00:00,NH27_J_06,NH27_Jalukbari_Saraighat_Amingaon,FRC1,42,42,599,599,1.0,False
2026-09-27 03:06:36+00:00,NH27_J_07,NH27_Jalukbari_Saraighat_Amingaon,FRC2,31,31,37,37,1.0,False
2026-09-27 03:06:36+00:00,NH27_J_08,NH27_Jalukbari_Saraighat_Amingaon,FRC1,50,50,611,611,1.0,False
2026-09-27 03:06:36+00:00,GS_Roa_09,GS_Road_Dispur_Khanapara,FRC1,45,45,51,51,1.0,False
2026-09-27 03:06:36+00:00,GS_Roa_10,GS_Road_Dispur_Khanapara,FRC4,15,19,12,10,0.91,False
2026-09-27 03:06:36+00:00,GS_Roa_11,GS_Road_Dispur_Khanapara,FRC1,38,38,576,576,1.0,False
2026-09-27 03:06:36+00:00,GS_Roa_12,GS_Road_Dispur_Khanapara,FRC4,33,33,389,389,1.0,False
2026-09-27 03:06:36+00:00,GS_Roa_13,GS_Road_Dispur_Khanapara,FRC1,33,33,40,40,1.0,False
2026-09-27 03:06:36+00:00,GS_Roa_14,GS_Road_Dispur_Khanapara,FRC1,56,56,1194,1194,1.0,False
2026-09-27 03:06:36+00:00,GS_Roa_15,GS_Road_Dispur_Khanapara,FRC1,56,56,1194,1194,1.0,False
2026-09-27 03:06:36+00:00,GS_Roa_16,GS_Road_Dispur_Khanapara,FRC1,22,22,57,57,1.0,False
2026-09-27 03:06:36+00:00,NH27_C_17,NH27_Changsari_Baihata,FRC1,54,54,959,959,1.0,False
2026-09-27 03:06:36+00:00,NH27_C_18,NH27_Changsari_Baihata,FRC1,50,50,611,611,1.0,False
2026-09-27 03:06:36+00:00,NH27_C_19,NH27_Changsari_Baihata,FRC1,48,53,1459,1321,0.823062,False
2026-09-27 03:06:36+00:00,NH27_C_20,NH27_Changsari_Baihata,FRC1,48,53,1459,1321,0.823062,False
2026-09-27 03:06:36+00:00,NH27_C_21,NH27_Changsari_Baihata,FRC1,48,53,1459,1321,0.823062,False
2026-09-27 03:06:36+00:00,NH27_C_22,NH27_Changsari_Baihata,FRC1,54,54,959,959,1.0,False
2026-09-27 03:06:36+00:00,NH27_C_23,NH27_Changsari_Baihata,FRC1,48,53,1459,1321,0.823062,False
2026-09-27 03:06:36+00:00,NH27_C_24,NH27_Changsari_Baihata,FRC1,54,54,959,959,1.0,False
2026-09-27 04:06:41+00:00,NH27_J_01,NH27_Jalukbari_Saraighat_Amingaon,FRC1,56,56,1195,1195,1.0,False
2026-09-27 04:06:41+00:00,NH27_J_02,NH27_Jalukbari_Saraighat_Amingaon,FRC1,56,56,1194,1194,1.0,False
2026-09-27 04:06:41+00:00,NH27_J_03,NH27_Jalukbari_Saraighat_Amingaon,FRC1,56,56,1194,1194,1.0,False
2026-09-27 04:06:41+00:00,NH27_J_04,NH27_Jalukbari_Saraighat_Amingaon,FRC1,56,56,1194,1194,1.0,False
2026-09-27 04:06:41+00:00,NH27_J_05,NH27_Jalukbari_Saraighat_Amingaon,FRC1,50,50,381,381,1.0,False
2026-09-27 04:06:41+00:00,NH27_J_06,NH27_Jalukbari_Saraighat_Amingaon,FRC1,42,42,599,599,1.0,False
2026-09-27 04:06:41+00:00,NH27_J_07,NH27_Jalukbari_Saraighat_Amingaon,FRC2,25,31,47,37,0.99,False
2026-09-27 04:06:41+00:00,NH27_J_08,NH27_Jalukbari_Saraighat_Amingaon,FRC1,50,50,611,611,1.0,False
2026-09-27 04:06:41+00:00,GS_Roa_09,GS_Road_Dispur_Khanapara,FRC1,45,45,51,51,1.0,False
2026-09-27 04:06:41+00:00,GS_Roa_10,GS_Road_Dispur_Khanapara,FRC4,19,19,10,10,1.0,False
2026-09-27 04:06:41+00:00,GS_Roa_11,GS_Road_Dispur_Khanapara,FRC1,38,38,576,576,1.0,False
2026-09-27 04:06:41+00:00,GS_Roa_12,GS_Road_Dispur_Khanapara,FRC4,33,33,389,389,1.0,False
2026-09-27 04:06:41+00:00,GS_Roa_13,GS_Road_Dispur_Khanapara,FRC1,33,33,40,40,1.0,False
2026-09-27 04:06:41+00:00,GS_Roa_14,GS_Road_Dispur_Khanapara,FRC1,56,56,1194,1194,1.0,False
2026-09-27 04:06:41+00:00,GS_Roa_15,GS_Road_Dispur_Khanapara,FRC1,56,56,1194,1194,1.0,False
2026-09-27 04:06:41+00:00,GS_Roa_16,GS_Road_Dispur_Khanapara,FRC1,22,22,57,57,1.0,False
2026-09-27 04:06:41+00:00,NH27_C_17,NH27_Changsari_Baihata,FRC1,54,54,959,959,1.0,False
2026-09-27 04:06:41+00:00,NH27_C_18,NH27_Changsari_Baihata,FRC1,50,50,611,611,1.0,False
2026-09-27 04:06:41+00:00,NH27_C_19,NH27_Changsari_Baihata,FRC1,53,53,1321,1321,1.0,False
2026-09-27 04:06:41+00:00,NH27_C_20,NH27_Changsari_Baihata,FRC1,53,53,1321,1321,1.0,False
2026-09-27 04:06:41+00:00,NH27_C_21,NH27_Changsari_Baihata,FRC1,53,53,1321,1321,1.0,False
2026-09-27 04:06:41+00:00,NH27_C_22,NH27_Changsari_Baihata,FRC1,54,54,959,959,1.0,False
2026-09-27 04:06:41+00:00,NH27_C_23,NH27_Changsari_Baihata,FRC1,53,53,1321,1321,1.0,False
2026-09-27 04:06:41+00:00,NH27_C_24,NH27_Changsari_Baihata,FRC1,54,54,959,959,1.0,False
2026-09-27 05:06:43+00:00,NH27_J_01,NH27_Jalukbari_Saraighat_Amingaon,FRC1,56,56,1195,1195,1.0,False
2026-09-27 05:06:43+00:00,NH27_J_02,NH27_Jalukbari_Saraighat_Amingaon,FRC1,56,56,1194,1194,1.0,False
2026-09-27 05:06:43+00:00,NH27_J_03,NH27_Jalukbari_Saraighat_Amingaon,FRC1,56,56,1194,1194,1.0,False
2026-09-27 05:06:43+00:00,NH27_J_04,NH27_Jalukbari_Saraighat_Amingaon,FRC1,56,56,1194,1194,1.0,False
2026-09-27 05:06:43+00:00,NH27_J_05,NH27_Jalukbari_Saraighat_Amingaon,FRC1,50,50,381,381,1.0,False
2026-09-27 05:06:43+00:00,NH27_J_06,NH27_Jalukbari_Saraighat_Amingaon,FRC1,36,43,699,585,0.977834,False
2026-09-27 05:06:43+00:00,NH27_J_07,NH27_Jalukbari_Saraighat_Amingaon,FRC2,31,31,37,37,1.0,False
2026-09-27 05:06:43+00:00,NH27_J_08,NH27_Jalukbari_Saraighat_Amingaon,FRC1,50,50,611,611,1.0,False
2026-09-27 05:06:43+00:00,GS_Roa_09,GS_Road_Dispur_Khanapara,FRC1,45,45,51,51,1.0,False
2026-09-27 05:06:43+00:00,GS_Roa_10,GS_Road_Dispur_Khanapara,FRC4,19,19,10,10,1.0,False
2026-09-27 05:06:43+00:00,GS_Roa_11,GS_Road_Dispur_Khanapara,FRC1,38,38,576,576,1.0,False
2026-09-27 05:06:43+00:00,GS_Roa_12,GS_Road_Dispur_Khanapara,FRC4,33,33,389,389,1.0,False
2026-09-27 05:06:43+00:00,GS_Roa_13,GS_Road_Dispur_Khanapara,FRC1,33,33,40,40,1.0,False
2026-09-27 05:06:43+00:00,GS_Roa_14,GS_Road_Dispur_Khanapara,FRC1,56,56,1194,1194,1.0,False
2026-09-27 05:06:43+00:00,GS_Roa_15,GS_Road_Dispur_Khanapara,FRC1,56,56,1194,1194,1.0,False
2026-09-27 05:06:43+00:00,GS_Roa_16,GS_Road_Dispur_Khanapara,FRC1,22,22,57,57,1.0,False
2026-09-27 05:06:43+00:00,NH27_C_17,NH27_Changsari_Baihata,FRC1,54,54,959,959,1.0,False
2026-09-27 05:06:43+00:00,NH27_C_18,NH27_Changsari_Baihata,FRC1,50,50,611,611,1.0,False
2026-09-27 05:06:43+00:00,NH27_C_19,NH27_Changsari_Baihata,FRC1,53,53,1321,1321,1.0,False
2026-09-27 05:06:43+00:00,NH27_C_20,NH27_Changsari_Baihata,FRC1,53,53,1321,1321,1.0,False
2026-09-27 05:06:43+00:00,NH27_C_21,NH27_Changsari_Baihata,FRC1,53,53,1321,1321,1.0,False
2026-09-27 05:06:43+00:00,NH27_C_22,NH27_Changsari_Baihata,FRC1,54,54,959,959,1.0,False
2026-09-27 05:06:43+00:00,NH27_C_23,NH27_Changsari_Baihata,FRC1,53,53,1321,1321,1.0,False
2026-09-27 05:06:43+00:00,NH27_C_24,NH27_Changsari_Baihata,FRC1,54,54,959,959,1.0,False
