group,experiment_no,title,date,site,method_equipment,duration_sample,raw_data_available,source_files,key_results_as_reported,dataset_status
Group 5,1,Driver Vision Test,2026-01-13,Lab,Vision tester,-,No (no report in folder),(TOC only),-,Not available
Group 5,2,Vehicle speed/accel/decel profile (V-Box),2026-01-20,Instructor-provided GPS trip,V-Box GPS data (given),4961 rows (3994 moving),No (OneDrive link only),Transportation Lab 2 (1).docx,"Mean 55.51, p85 63.44 km/h; max decel 2.07 m/s²; Weibull best fit",Reported stats only
Group 5,3,Mid-block volume & speed by video,2026-01-27,"Mid-block, 2 lanes one direction (site not named); 50 m trap","Video, frame timing",10 min; 321 vehicles,YES per-vehicle in/out times,Bhavesh_Traffic volume video_analysis_datasheet_1.xlsx; Transport Lab 3.docx,"Shoulder 178 veh/206.2 PCU, median 150 veh/250.3 PCU; PHF 0.81/0.93",Raw digitised + recomputed
Group 5,4,Time headway distribution,2026-02-03,Same video as Exp3,Video frame-by-frame,"321 vehicles (190 shoulder, 131 median)",YES (same list as Exp3),Expt 4.xlsx; transportation exp 4.docx,"Mean headway 3.04 s shoulder, 4.42 s median; neg-exp fits",Raw digitised + recomputed
Group 5,5,Spot speed (radar gun),2026-02-21,"Amingaon, Guwahati, 4-lane divided, 10:00",Radar gun,348 readings,YES,Expt 5.xlsx; Experiment5_SpotSpeed_Report.docx,"Free-flow mean: Car 58.5, 2W 51.0, Truck 40.6 km/h",Raw digitised + recomputed
Group 5,6,Moving observer (volume & travel time),2026-02-21,"Amingaon, Guwahati; L = 3 km","Test car, 2 runs each direction",4 runs,YES (class counts per run),Expt 6.xlsx; Experiment 6_Moving observer method.docx,"Lane 1: q 2000 PCU/h, v 42.0 km/h; Lane 2: q 1966, v 34.8",Raw digitised + recomputed
Group 5,7,Turning movement count & Webster signal design,2026-03-21,T-intersection (not named),Video,"22 min, 3 approaches",YES,Expt 7(Sheet1).csv; Experiment 7.pdf,C0 = 65 s; phase greens 54.15/4.2/6.6 s,Raw digitised; design flagged
Group 5,8,Parking study (licence plate in/out),2026-03-10 (TOC) / 2026-02-21 (body),"Road-side parking near KV School, IITG","Plate survey, 10-min checks",10:20-11:45; 115 vehicles,YES (plates pseudonymised),Expt 8.xlsx; Expt 8_Parking Study.docx,"Load 60.67 veh-h, volume 114, mean duration 29.3 min",Raw digitised + recomputed
Group 5,9,Roadside interview O-D,2026-03-17,"Market Complex, IIT Guwahati; 10:30-12:00",Interview + volume count,59 interviews; 106 counted,YES,Expt 9.xlsx; Bhavesh Bajaj_Expt9.pdf,"Shopping 61% of sampled trips; EF car 1.57, 2W 1.72",Raw digitised
Group 12,2,V-Box profile,-,Instructor-provided trip,V-Box (given),-,No,VBOX_Group12.pdf,Speed p85 59.22 km/h; lognormal for accel,Reported stats only
Group 12,3,Mid-block volume & speed by video,-,Mid-block (not named),"Video, 2 cameras 100 m apart",10 min tables,Partial (2-min lane totals),exp 3.pdf,"FFS car 41.9, 2W 45.0 km/h",Reported values
Group 12,4,Time headway distribution,-,Video,Frame-by-frame,"252 vehicles (113 inner, 139 outer)",Binned frequencies only,Group12_exp4.pdf,Mean 5.33 s / 4.43 s; combined 2.44 s,Bins digitised
Group 12,5,Spot speed (radar gun),-,Mid-block (not named),Radar gun,296 readings,YES,CE323_EXP5.pdf,See recomputed stats,Raw digitised + recomputed
Group 12,6,Moving observer,-,Stretch L = 1.9 km (not named),"Test vehicle, 4 laps","4 laps, 26.6 min",YES (class counts per lap),CE323_EXP6.pdf,Avg flow 1903 PCU/h; speed 19.8 km/h (test vehicle),Raw digitised; method flagged
Group 12,7,TMC & Webster signal design,-,T-intersection (not named),Manual tally,duration not stated (×3 to hour),YES (movement × class totals),CE323_EXP7 (1).pdf,C0 = 140 s (ΣV/S forced to 0.9),Raw digitised; design flagged
Group 12,8,Parking study (licence plate),-,Parking area (not named); 10:40-12:00,Bay snapshots every 10 min,52 bay rows × 9 snapshots,YES (tokens),CE323_EXP8.pdf,Load 3690 veh-min; index 78.85%,Raw digitised; results flagged
Group 12,9,Roadside interview O-D (campus),2026-03-23 (photo GPS),"IITG campus 26.18748 N, 91.68987 E",Interview + 15-min counts,53 interviews; 435 counted,Partial matrices + counts,Experiment9_grp 12.pdf,"EF walk 3.67, cycle 7.61, 2W 10.25, car 10.0; Zone 4 top destination",Digitised
Individual (Ayush Kumar),3,Mid-block volume & speed by video,2026-01-27,Mid-block (not named),Video,"Lane 1: 122 veh, Lane 2: 163 veh (implied)",Charts only,Mid-block Traffic Volume and Speed Study by Video.pdf,"Lane 2 2W 45.4%, Lane 1 Car 56.6%",Composition only
Individual (Ayush Kumar),5,Spot speed (radar gun),2026-02-21 (datasheet),Urban two-lane road (not named),Radar gun,345 readings (report),Handwritten images — NOT digitised,Spot Speed Study using Radar speed gun.pdf,"Car mean ≈54.6, 2W ≈52, Auto ≈33, car p85 ≈67 km/h",Needs owner transcription
