group,experiment,subset,quantity,n,mean,sd,p15,p50,p85,p98,min,max,unit
Group 5,Exp3,Median Auto all,"Speed (50 m trap), all vehicles",1,57.508,,57.508,57.508,57.508,57.508,57.508,57.508,km/h
Group 5,Exp3,Median Auto plausible only,"Speed, 5-90 km/h only",1,57.508,,57.508,57.508,57.508,57.508,57.508,57.508,km/h
Group 5,Exp3,Median Bus all,"Speed (50 m trap), all vehicles",3,43.725,8.305,38.165,47.368,48.921,49.498,34.221,49.587,km/h
Group 5,Exp3,Median Bus plausible only,"Speed, 5-90 km/h only",3,43.725,8.305,38.165,47.368,48.921,49.498,34.221,49.587,km/h
Group 5,Exp3,Median Car all,"Speed (50 m trap), all vehicles",76,58.441,22.798,37.231,57.797,82.391,105.454,14.366,150.0,km/h
Group 5,Exp3,Median Car plausible only,"Speed, 5-90 km/h only",72,55.36,18.388,37.01,56.25,74.191,85.714,14.366,86.957,km/h
Group 5,Exp3,Median LCV all,"Speed (50 m trap), all vehicles",17,56.846,12.511,46.086,54.545,68.205,82.286,33.333,85.714,km/h
Group 5,Exp3,Median LCV plausible only,"Speed, 5-90 km/h only",17,56.846,12.511,46.086,54.545,68.205,82.286,33.333,85.714,km/h
Group 5,Exp3,Median Multi Axle all,"Speed (50 m trap), all vehicles",2,44.664,3.127,43.116,44.664,46.212,46.787,42.453,46.875,km/h
Group 5,Exp3,Median Multi Axle plausible only,"Speed, 5-90 km/h only",2,44.664,3.127,43.116,44.664,46.212,46.787,42.453,46.875,km/h
Group 5,Exp3,Median Truck all,"Speed (50 m trap), all vehicles",32,41.538,15.81,25.441,40.958,56.351,74.05,12.22,76.923,km/h
Group 5,Exp3,Median Truck plausible only,"Speed, 5-90 km/h only",32,41.538,15.81,25.441,40.958,56.351,74.05,12.22,76.923,km/h
Group 5,Exp3,Shoulder Auto all,"Speed (50 m trap), all vehicles",12,43.542,12.481,30.519,41.055,57.102,61.747,25.175,62.069,km/h
Group 5,Exp3,Shoulder Auto plausible only,"Speed, 5-90 km/h only",12,43.542,12.481,30.519,41.055,57.102,61.747,25.175,62.069,km/h
Group 5,Exp3,Shoulder Bus all,"Speed (50 m trap), all vehicles",4,54.996,24.257,36.503,55.303,73.426,82.517,25.46,83.916,km/h
Group 5,Exp3,Shoulder Bus plausible only,"Speed, 5-90 km/h only",4,54.996,24.257,36.503,55.303,73.426,82.517,25.46,83.916,km/h
Group 5,Exp3,Shoulder Car all,"Speed (50 m trap), all vehicles",58,54.027,18.485,33.648,54.796,76.014,85.169,13.986,96.774,km/h
Group 5,Exp3,Shoulder Car plausible only,"Speed, 5-90 km/h only",57,53.277,17.737,33.191,54.545,75.0,81.686,13.986,85.714,km/h
Group 5,Exp3,Shoulder LCV all,"Speed (50 m trap), all vehicles",24,48.872,12.723,36.605,49.129,62.255,72.024,25.105,75.949,km/h
Group 5,Exp3,Shoulder LCV plausible only,"Speed, 5-90 km/h only",24,48.872,12.723,36.605,49.129,62.255,72.024,25.105,75.949,km/h
Group 5,Exp3,Shoulder Multi Axle all,"Speed (50 m trap), all vehicles",1,32.374,,32.374,32.374,32.374,32.374,32.374,32.374,km/h
Group 5,Exp3,Shoulder Multi Axle plausible only,"Speed, 5-90 km/h only",1,32.374,,32.374,32.374,32.374,32.374,32.374,32.374,km/h
Group 5,Exp3,Shoulder Truck all,"Speed (50 m trap), all vehicles",16,34.779,15.853,16.356,34.731,48.138,66.424,13.1,72.0,km/h
Group 5,Exp3,Shoulder Truck plausible only,"Speed, 5-90 km/h only",16,34.779,15.853,16.356,34.731,48.138,66.424,13.1,72.0,km/h
Group 5,Exp3,Shoulder Two Wheeler all,"Speed (50 m trap), all vehicles",75,47.872,18.174,23.505,50.992,63.515,80.699,12.649,98.361,km/h
Group 5,Exp3,Shoulder Two Wheeler plausible only,"Speed, 5-90 km/h only",74,47.189,17.304,23.239,50.496,62.762,77.646,12.649,82.949,km/h
Group 5,Exp4,Median,Time headway to leader,130,4.451,4.401,0.605,3.185,9.11,17.136,0.0,19.54,s
Group 5,Exp4,Shoulder,Time headway to leader,189,3.06,3.587,0.23,1.8,6.088,12.793,0.0,22.67,s
Group 12,Exp5,Auto Forced (car-following),Spot speed,16,35.0,8.165,25.5,37.5,43.75,46.0,22.0,46.0,km/h
Group 12,Exp5,Auto Free flow,Spot speed,17,35.0,7.583,30.0,37.0,41.0,45.04,19.0,46.0,km/h
Group 12,Exp5,Bus Forced (car-following),Spot speed,41,37.512,9.405,26.0,39.0,46.0,56.0,20.0,56.0,km/h
Group 12,Exp5,Bus Free flow,Spot speed,15,42.333,12.051,28.0,42.0,55.9,57.0,25.0,57.0,km/h
Group 12,Exp5,Car Forced (car-following),Spot speed,44,40.523,11.435,29.0,39.5,53.0,61.56,21.0,65.0,km/h
Group 12,Exp5,Car Free flow,Spot speed,15,57.4,13.721,48.2,55.0,64.7,90.88,39.0,99.0,km/h
Group 12,Exp5,LCV Forced (car-following),Spot speed,41,38.195,7.814,31.0,38.0,47.0,53.8,20.0,57.0,km/h
Group 12,Exp5,LCV Free flow,Spot speed,14,46.143,8.466,39.9,46.0,54.25,61.22,30.0,62.0,km/h
Group 12,Exp5,Truck Forced (car-following),Spot speed,29,34.655,7.848,26.0,35.0,43.0,49.52,24.0,54.0,km/h
Group 12,Exp5,Truck Free flow,Spot speed,20,37.0,5.301,32.85,36.0,42.0,46.24,24.0,47.0,km/h
Group 12,Exp5,Two Wheeler Forced (car-following),Spot speed,29,47.345,10.804,36.0,49.0,55.2,68.96,24.0,74.0,km/h
Group 12,Exp5,Two Wheeler Free flow,Spot speed,15,45.067,19.484,32.4,47.0,64.8,71.88,6.0,73.0,km/h
Group 5,Exp5,Auto Free flow,Spot speed,18,32.944,5.995,26.65,34.0,39.0,41.98,20.0,43.0,km/h
Group 5,Exp5,Auto Non-free (car-following),Spot speed,36,27.833,8.03,18.25,29.5,35.0,40.0,3.0,40.0,km/h
Group 5,Exp5,Bus Free flow,Spot speed,8,40.5,5.831,36.05,38.5,46.75,50.44,34.0,51.0,km/h
Group 5,Exp5,Bus Non-free (car-following),Spot speed,43,34.256,9.759,24.6,38.0,42.0,46.48,8.0,49.0,km/h
Group 5,Exp5,Car Free flow,Spot speed,11,58.455,11.003,47.5,55.0,72.0,74.8,45.0,75.0,km/h
Group 5,Exp5,Car Non-free (car-following),Spot speed,44,47.705,9.518,38.35,50.0,55.0,67.42,30.0,70.0,km/h
Group 5,Exp5,LCV Free flow,Spot speed,12,43.083,8.969,33.0,45.5,51.35,55.9,33.0,57.0,km/h
Group 5,Exp5,LCV Non-free (car-following),Spot speed,45,36.911,10.778,25.0,35.0,46.4,58.6,18.0,63.0,km/h
Group 5,Exp5,Truck Free flow,Spot speed,18,40.556,11.315,30.75,39.5,52.45,60.66,19.0,61.0,km/h
Group 5,Exp5,Truck Non-free (car-following),Spot speed,40,31.45,6.994,23.85,30.0,40.0,44.44,19.0,46.0,km/h
Group 5,Exp5,Two Wheeler Free flow,Spot speed,29,50.966,11.506,37.4,51.0,60.0,72.52,29.0,77.0,km/h
Group 5,Exp5,Two Wheeler Non-free (car-following),Spot speed,44,38.205,10.5,28.45,37.0,52.55,61.56,23.0,65.0,km/h
Group 12,Exp5,Auto combined,Spot speed,33,35.0,7.746,26.6,37.0,41.4,46.0,19.0,46.0,km/h
Group 12,Exp5,Bus combined,Spot speed,56,38.804,10.293,27.0,40.0,49.0,56.9,20.0,57.0,km/h
Group 12,Exp5,Car combined,Spot speed,59,44.814,14.047,30.4,46.0,56.0,69.2,21.0,99.0,km/h
Group 12,Exp5,LCV combined,Spot speed,55,40.218,8.642,32.1,40.0,47.9,58.84,20.0,62.0,km/h
Group 12,Exp5,Truck combined,Spot speed,49,35.612,6.958,27.2,36.0,42.8,47.28,24.0,54.0,km/h
Group 12,Exp5,Two Wheeler combined,Spot speed,44,46.568,14.171,33.35,48.5,60.1,73.14,6.0,74.0,km/h
Group 5,Exp5,Auto combined,Spot speed,54,29.537,7.748,20.95,30.0,38.0,40.0,3.0,43.0,km/h
Group 5,Exp5,Bus combined,Spot speed,51,35.235,9.488,26.0,38.0,42.5,49.0,8.0,51.0,km/h
Group 5,Exp5,Car combined,Spot speed,55,49.855,10.648,40.0,50.0,60.0,73.68,30.0,75.0,km/h
Group 5,Exp5,LCV combined,Spot speed,57,38.211,10.655,26.0,37.0,49.6,58.0,18.0,63.0,km/h
Group 5,Exp5,Truck combined,Spot speed,58,34.276,9.472,24.55,33.0,43.0,59.02,19.0,61.0,km/h
Group 5,Exp5,Two Wheeler combined,Spot speed,73,43.274,12.525,29.8,41.0,56.2,68.12,23.0,77.0,km/h
Group 5,Exp8,All vehicles,Parking duration,115,29.661,28.059,7.0,18.0,82.0,84.0,2.0,84.0,min
Group 5,Exp8,Bus,Parking duration,6,62.667,33.049,20.0,84.0,84.0,84.0,20.0,84.0,min
Group 5,Exp8,Car,Parking duration,55,35.509,31.626,6.1,22.0,84.0,84.0,2.0,84.0,min
Group 5,Exp8,E-Rickshaw,Parking duration,1,19.0,,19.0,19.0,19.0,19.0,19.0,19.0,min
Group 5,Exp8,Two Wheeler,Parking duration,53,20.057,18.007,7.0,16.0,29.2,84.0,3.0,84.0,min
