latitude,longitude,n,fatal,district
26.142,91.676,41,7,GUWAHATI CITY
26.155,91.676,25,1,GUWAHATI CITY
26.15,91.785,24,5,GUWAHATI CITY
26.116,91.719,19,4,GUWAHATI CITY
26.152,91.677,19,4,GUWAHATI CITY
26.162,91.772,19,2,GUWAHATI CITY
26.254,91.692,18,2,KAMRUP
26.274,91.512,17,6,KAMRUP
26.126,91.68,16,4,GUWAHATI CITY
26.152,91.655,16,4,GUWAHATI CITY
26.158,91.674,15,0,GUWAHATI CITY
26.175,91.777,15,1,GUWAHATI CITY
26.209,91.686,14,1,KAMRUP
26.121,91.691,13,4,GUWAHATI CITY
26.119,91.83,13,3,GUWAHATI CITY
26.22,91.698,13,1,KAMRUP
26.161,91.671,13,2,GUWAHATI CITY
26.113,91.731,13,4,GUWAHATI CITY
26.158,91.661,13,1,GUWAHATI CITY
26.358,91.664,13,5,KAMRUP
26.538,92.928,13,1,NAGAON
26.158,91.672,13,2,GUWAHATI CITY
26.111,91.777,12,5,GUWAHATI CITY
26.169,91.723,12,2,GUWAHATI CITY
26.157,91.674,12,3,GUWAHATI CITY
26.111,91.789,12,3,GUWAHATI CITY
26.556,92.201,12,1,DARRANG
26.116,91.614,12,1,GUWAHATI CITY
26.146,91.79,12,3,GUWAHATI CITY
26.159,91.692,12,2,GUWAHATI CITY
26.111,91.788,12,7,GUWAHATI CITY
26.117,91.703,12,4,GUWAHATI CITY
26.244,91.689,12,2,KAMRUP
26.359,92.65,11,2,NAGAON
26.366,92.629,11,4,NAGAON
26.137,91.628,11,0,GUWAHATI CITY
26.165,91.769,11,0,GUWAHATI CITY
26.115,91.723,11,3,GUWAHATI CITY
26.132,91.808,11,2,GUWAHATI CITY
26.31,92.706,11,1,NAGAON
27.239,94.101,11,3,LAKHIMPUR
26.112,91.755,11,2,GUWAHATI CITY
26.112,91.743,11,3,GUWAHATI CITY
26.456,91.502,11,3,NLBARI
26.174,91.777,11,0,GUWAHATI CITY
26.116,91.72,11,0,GUWAHATI CITY
26.129,91.812,11,2,GUWAHATI CITY
26.125,91.618,11,3,GUWAHATI CITY
26.737,94.154,11,1,JORHAT
26.159,91.67,11,1,GUWAHATI CITY
26.167,91.72,10,2,GUWAHATI CITY
26.1,91.599,10,1,GUWAHATI CITY
26.294,91.714,10,1,KAMRUP
26.137,91.674,10,3,GUWAHATI CITY
26.732,94.147,10,2,JORHAT
26.16,91.704,10,0,GUWAHATI CITY
26.346,92.688,10,2,NAGAON
26.165,91.717,10,0,GUWAHATI CITY
26.105,92.875,9,1,HOJAI
26.159,91.691,9,1,GUWAHATI CITY
26.539,92.921,9,2,NAGAON
26.16,91.705,9,1,GUWAHATI CITY
26.335,91.722,9,5,KAMRUP
26.235,91.689,9,1,KAMRUP
26.113,91.889,9,1,GUWAHATI CITY
26.111,91.779,9,4,GUWAHATI CITY
26.156,91.783,9,2,GUWAHATI CITY
27.432,94.921,9,0,DIBRUGARH
26.112,91.749,9,1,GUWAHATI CITY
26.118,91.962,9,2,GUWAHATI CITY
26.111,91.79,9,1,GUWAHATI CITY
26.147,91.647,9,1,GUWAHATI CITY
26.173,91.76,9,1,GUWAHATI CITY
26.557,92.2,9,2,DARRANG
26.112,91.742,9,4,GUWAHATI CITY
26.136,91.674,9,0,GUWAHATI CITY
26.114,91.727,9,3,GUWAHATI CITY
26.115,91.811,9,1,GUWAHATI CITY
24.831,92.752,9,0,CACHAR
26.151,91.677,9,1,GUWAHATI CITY
24.834,92.823,9,1,CACHAR
26.227,92.512,8,0,NAGAON
26.13,91.795,8,2,GUWAHATI CITY
26.236,91.689,8,1,KAMRUP
26.009,92.922,8,2,HOJAI
26.159,91.689,8,3,GUWAHATI CITY
26.416,90.984,8,1,BARPETA
26.309,91.716,8,0,KAMRUP
26.771,94.189,8,0,JORHAT
26.149,91.678,8,3,GUWAHATI CITY
26.118,91.831,8,1,GUWAHATI CITY
26.171,91.724,8,0,GUWAHATI CITY
26.1,91.612,8,3,GUWAHATI CITY
26.291,92.723,8,2,NAGAON
26.462,90.967,8,3,BAKSA
26.126,91.681,8,2,GUWAHATI CITY
26.15,91.652,8,1,GUWAHATI CITY
26.111,91.784,8,4,GUWAHATI CITY
26.658,92.827,8,3,SONITPUR
26.152,91.783,8,3,GUWAHATI CITY
26.459,91.426,8,2,NLBARI
26.18,91.746,8,1,GUWAHATI CITY
26.158,91.673,8,0,GUWAHATI CITY
26.178,91.734,8,0,GUWAHATI CITY
26.345,91.716,8,1,KAMRUP
26.093,89.971,8,4,DHUBRI
26.138,91.634,8,3,GUWAHATI CITY
26.114,91.729,8,2,GUWAHATI CITY
26.12,92.197,8,0,MORIGAON
26.12,92.198,8,0,MORIGAON
26.443,92.38,8,2,MORIGAON
26.461,91.451,8,3,NLBARI
26.314,92.709,8,3,NAGAON
26.211,91.69,8,3,KAMRUP
26.21,93.071,8,1,KARBIANGLONG
26.567,90.217,8,2,KOKRAJHAR
26.102,91.864,8,0,GUWAHATI CITY
26.373,91.644,8,1,KAMRUP
26.158,91.683,8,3,GUWAHATI CITY
26.637,93.765,7,0,GOLAGHAT
26.189,91.744,7,0,GUWAHATI CITY
26.506,90.545,7,2,CHIRANG
26.228,91.697,7,1,KAMRUP
26.083,91.474,7,2,KAMRUP
26.19,91.671,7,3,KAMRUP
26.162,91.713,7,0,GUWAHATI CITY
26.657,92.826,7,1,SONITPUR
26.197,91.672,7,2,KAMRUP
26.116,92.875,7,1,HOJAI
26.115,91.893,7,1,GUWAHATI CITY
26.17,91.778,7,0,GUWAHATI CITY
26.116,91.894,7,4,GUWAHATI CITY
26.114,92.184,7,3,MORIGAON
24.8,92.375,7,0,Sribhumi
26.119,91.816,7,1,GUWAHATI CITY
26.115,91.722,7,3,GUWAHATI CITY
26.115,92.074,7,1,GUWAHATI CITY
27.464,95.02,7,1,DIBRUGARH
26.115,91.834,7,1,GUWAHATI CITY
26.434,92.528,7,0,NAGAON
26.213,92.452,7,1,NAGAON
26.166,91.672,7,0,GUWAHATI CITY
26.114,91.726,7,1,GUWAHATI CITY
26.166,91.78,7,0,GUWAHATI CITY
26.112,92.064,7,1,GUWAHATI CITY
26.121,91.692,7,2,GUWAHATI CITY
26.112,91.788,7,0,GUWAHATI CITY
26.494,92.097,7,0,DARRANG
26.112,92.063,7,4,GUWAHATI CITY
26.641,93.58,7,2,GOLAGHAT
26.112,92.176,7,0,MORIGAON
24.781,92.814,7,0,CACHAR
26.221,91.624,7,1,KAMRUP
26.221,90.332,7,3,DHUBRI
26.413,92.837,7,2,NAGAON
26.112,91.766,7,2,GUWAHATI CITY
26.173,91.672,7,1,GUWAHATI CITY
27.392,94.876,7,0,DIBRUGARH
26.346,91.691,7,1,KAMRUP
26.108,91.848,7,1,GUWAHATI CITY
26.108,91.852,7,2,GUWAHATI CITY
24.856,92.847,7,1,CACHAR
26.137,91.627,7,1,GUWAHATI CITY
26.623,92.797,7,1,SONITPUR
26.344,92.742,7,2,NAGAON
26.104,91.86,7,0,GUWAHATI CITY
26.092,91.586,7,2,GUWAHATI CITY
27.126,93.936,7,3,LAKHIMPUR
26.175,91.758,7,2,GUWAHATI CITY
26.722,94.124,7,3,JORHAT
26.72,93.982,7,1,GOLAGHAT
26.093,91.547,7,1,KAMRUP
26.615,92.852,7,0,SONITPUR
26.345,92.742,7,1,NAGAON
26.262,91.696,7,3,KAMRUP
26.041,89.968,7,0,DHUBRI
26.18,91.775,7,1,GUWAHATI CITY
24.83,92.748,7,3,CACHAR
26.263,91.696,7,0,KAMRUP
26.159,91.685,7,0,GUWAHATI CITY
25.944,91.47,7,4,KAMRUP
26.145,91.791,7,0,GUWAHATI CITY
26.093,91.539,7,0,KAMRUP
26.144,91.771,7,1,GUWAHATI CITY
26.305,92.689,7,0,NAGAON
26.145,91.677,7,1,GUWAHATI CITY
26.724,94.13,7,2,JORHAT
26.556,92.2,7,2,DARRANG
26.103,92.148,7,4,GUWAHATI CITY
26.146,91.646,7,1,GUWAHATI CITY
26.158,91.776,7,2,GUWAHATI CITY
26.128,91.812,7,0,GUWAHATI CITY
26.699,92.33,7,2,UDALGURI
26.188,91.653,7,2,KAMRUP
26.188,91.742,7,1,GUWAHATI CITY
26.349,91.8,7,0,KAMRUP
26.111,91.782,7,3,GUWAHATI CITY
26.13,91.675,7,3,GUWAHATI CITY
26.109,91.851,7,2,GUWAHATI CITY
26.519,90.501,7,0,CHIRANG
26.349,92.682,7,1,NAGAON
26.11,91.613,7,0,GUWAHATI CITY
26.356,92.665,7,1,NAGAON
25.979,92.933,7,0,HOJAI
26.657,92.827,7,2,SONITPUR
26.174,91.779,7,0,GUWAHATI CITY
26.112,91.738,7,4,GUWAHATI CITY
26.117,92.092,6,0,GUWAHATI CITY
26.253,92.354,6,1,MORIGAON
26.129,91.675,6,4,GUWAHATI CITY
26.308,91.479,6,2,KAMRUP
26.117,91.834,6,1,GUWAHATI CITY
26.117,91.831,6,0,GUWAHATI CITY
26.208,91.678,6,1,KAMRUP
27.306,94.427,6,0,LAKHIMPUR
26.456,92.914,6,2,NAGAON
26.735,94.151,6,1,JORHAT
26.145,91.786,6,0,GUWAHATI CITY
26.206,91.586,6,1,KAMRUP
26.267,92.733,6,0,NAGAON
26.307,91.716,6,1,KAMRUP
27.167,94.015,6,0,LAKHIMPUR
26.297,91.715,6,2,KAMRUP
27.16,93.992,6,0,LAKHIMPUR
26.655,92.772,6,0,SONITPUR
27.174,94.024,6,1,LAKHIMPUR
26.171,91.762,6,1,GUWAHATI CITY
26.149,91.785,6,1,GUWAHATI CITY
26.458,90.559,6,0,BONGAIGAON
26.296,90.452,6,2,DHUBRI
26.118,91.895,6,2,GUWAHATI CITY
26.356,92.664,6,1,NAGAON
26.448,92.492,6,2,NAGAON
26.16,91.672,6,0,GUWAHATI CITY
27.122,93.886,6,2,LAKHIMPUR
26.203,90.132,6,1,KOKRAJHAR
26.458,90.412,6,1,CHIRANG
26.458,92.482,6,0,NAGAON
26.229,91.63,6,0,KAMRUP
26.131,92.839,6,0,HOJAI
26.121,91.938,6,0,GUWAHATI CITY
26.167,91.672,6,0,GUWAHATI CITY
26.346,91.739,6,4,KAMRUP
24.785,92.812,6,0,CACHAR
26.423,91.629,6,2,KAMRUP
26.165,91.671,6,0,GUWAHATI CITY
26.16,91.668,6,1,GUWAHATI CITY
26.137,91.631,6,2,GUWAHATI CITY
26.121,92.2,6,2,MORIGAON
26.348,91.756,6,1,KAMRUP
26.121,91.69,6,4,GUWAHATI CITY
26.422,91.629,6,2,KAMRUP
26.345,92.741,6,0,NAGAON
26.346,91.69,6,2,KAMRUP
26.346,91.705,6,1,KAMRUP
26.122,91.799,6,1,GUWAHATI CITY
26.161,91.672,6,1,GUWAHATI CITY
26.124,92.85,6,1,HOJAI
26.122,91.973,6,0,GUWAHATI CITY
26.161,91.71,6,1,GUWAHATI CITY
26.315,89.855,6,1,DHUBRI
27.227,94.092,6,1,LAKHIMPUR
26.446,91.552,6,0,NLBARI
26.119,92.863,6,1,HOJAI
26.119,91.955,6,1,GUWAHATI CITY
25.9,92.92,6,1,HOJAI
26.442,92.502,6,0,NAGAON
25.99,92.927,6,1,HOJAI
26.141,91.795,6,0,GUWAHATI CITY
26.131,91.622,6,2,GUWAHATI CITY
26.14,92.355,6,4,MORIGAON
26.16,91.782,6,1,GUWAHATI CITY
26.123,92.014,6,0,GUWAHATI CITY
26.141,91.726,6,1,GUWAHATI CITY
26.431,91.035,6,4,BARPETA
26.31,91.716,6,0,KAMRUP
27.473,94.895,6,0,DIBRUGARH
26.082,91.576,6,2,KAMRUP
26.109,91.847,6,0,GUWAHATI CITY
26.109,91.852,6,1,GUWAHATI CITY
26.195,91.668,6,2,KAMRUP
26.498,90.969,6,1,BARPETA
26.101,91.598,6,1,GUWAHATI CITY
26.184,91.78,6,0,GUWAHATI CITY
26.111,91.791,6,1,GUWAHATI CITY
26.185,91.764,6,0,GUWAHATI CITY
24.834,92.771,6,1,CACHAR
26.11,91.842,6,0,GUWAHATI CITY
26.531,92.934,6,0,NAGAON
24.88,92.881,6,1,CACHAR
26.184,91.775,6,0,GUWAHATI CITY
26.115,91.809,6,2,GUWAHATI CITY
26.105,91.858,6,2,GUWAHATI CITY
26.113,91.836,6,2,GUWAHATI CITY
26.175,91.757,6,0,GUWAHATI CITY
26.093,91.537,6,1,KAMRUP
26.184,91.738,6,0,GUWAHATI CITY
26.112,91.745,6,1,GUWAHATI CITY
26.524,91.346,6,2,BAKSA
26.183,91.783,6,2,GUWAHATI CITY
26.104,91.514,6,2,KAMRUP
26.486,92.944,6,0,NAGAON
27.463,94.981,6,0,DIBRUGARH
26.566,90.229,6,0,KOKRAJHAR
26.105,91.857,6,3,GUWAHATI CITY
26.104,91.859,6,3,GUWAHATI CITY
26.111,91.76,6,1,GUWAHATI CITY
26.187,91.741,6,0,GUWAHATI CITY
26.182,91.737,6,2,GUWAHATI CITY
24.869,92.553,6,2,Sribhumi
26.111,91.766,6,1,GUWAHATI CITY
26.181,91.751,6,0,GUWAHATI CITY
26.098,91.608,6,0,GUWAHATI CITY
26.632,93.717,6,1,GOLAGHAT
26.513,90.519,6,0,CHIRANG
26.184,91.777,6,0,GUWAHATI CITY
26.181,91.813,6,0,GUWAHATI CITY
26.116,91.709,6,2,JORHAT
26.516,91.28,6,3,NLBARI
26.114,92.083,6,2,GUWAHATI CITY
26.196,91.67,6,3,KAMRUP
26.18,91.818,6,1,GUWAHATI CITY
26.462,91.391,6,1,NLBARI
26.114,91.891,6,1,GUWAHATI CITY
26.111,91.756,6,4,GUWAHATI CITY
26.092,91.489,6,1,KAMRUP
26.467,90.967,6,2,BAKSA
24.856,92.846,5,1,CACHAR
26.625,92.39,5,1,SONITPUR
26.761,94.213,5,1,JORHAT
26.346,92.753,5,3,NAGAON
26.525,91.353,5,1,BAKSA
26.159,91.764,5,4,TINSUKIA
26.346,92.718,5,1,NAGAON
26.106,91.855,5,0,GUWAHATI CITY
26.139,91.79,5,0,GUWAHATI CITY
26.718,94.114,5,1,JORHAT
26.761,92.777,5,1,SONITPUR
26.532,92.931,5,0,NAGAON
26.104,91.858,5,0,GUWAHATI CITY
26.718,93.979,5,1,GOLAGHAT
24.751,92.364,5,0,Sribhumi
26.056,91.404,5,2,KAMRUP
26.518,91.299,5,1,BAKSA
26.111,91.783,5,2,GUWAHATI CITY
26.132,91.809,5,1,GUWAHATI CITY
26.235,92.525,5,2,NAGAON
26.161,91.711,5,1,GUWAHATI CITY
24.563,92.413,5,0,Sribhumi
26.631,93.727,5,1,GOLAGHAT
26.515,90.513,5,0,CHIRANG
26.132,91.623,5,2,GUWAHATI CITY
26.111,91.778,5,2,GUWAHATI CITY
26.133,91.623,5,0,GUWAHATI CITY
26.517,90.507,5,1,CHIRANG
26.129,91.811,5,2,GUWAHATI CITY
26.13,91.622,5,0,GUWAHATI CITY
26.129,91.806,5,0,GUWAHATI CITY
24.562,92.596,5,0,HAILAKANDI
26.109,90.014,5,1,DHUBRI
26.84,94.478,5,3,JORHAT
26.159,91.697,5,1,GUWAHATI CITY
26.251,92.336,5,0,MORIGAON
26.136,91.826,5,1,GUWAHATI CITY
26.246,92.542,5,0,NAGAON
26.177,91.755,5,0,GUWAHATI CITY
26.352,91.675,5,2,KAMRUP
26.09,89.907,5,1,DHUBRI
26.133,91.815,5,0,GUWAHATI CITY
24.862,92.853,5,0,CACHAR
26.249,92.327,5,0,MORIGAON
26.522,91.333,5,1,BAKSA
26.247,92.746,5,1,NAGAON
26.631,93.653,5,0,GOLAGHAT
26.517,92.147,5,2,DARRANG
24.856,92.614,5,0,HAILAKANDI
26.149,91.786,5,1,GUWAHATI CITY
26.281,91.71,5,1,KAMRUP
26.263,92.737,5,0,NAGAON
26.096,91.529,5,2,KAMRUP
26.574,93.766,5,1,GOLAGHAT
26.288,90.612,5,0,BONGAIGAON
26.727,94.139,5,2,JORHAT
26.15,91.729,5,0,GUWAHATI CITY
26.253,92.349,5,0,MORIGAON
24.329,92.527,5,1,HAILAKANDI
24.831,92.803,5,2,CACHAR
26.254,91.544,5,0,KAMRUP
26.1,91.869,5,0,GUWAHATI CITY
26.29,92.628,5,0,NAGAON
26.1,91.876,5,1,GUWAHATI CITY
26.297,91.496,5,1,KAMRUP
26.572,93.768,5,0,GOLAGHAT
26.283,91.151,5,1,BARPETA
24.701,92.567,5,0,HAILAKANDI
26.748,94.174,5,0,JORHAT
24.829,92.793,5,0,CACHAR
25.962,92.948,5,2,HOJAI
26.157,91.783,5,1,GUWAHATI CITY
25.958,91.057,5,1,GOALPARA
26.257,91.517,5,1,KAMRUP
26.097,91.498,5,2,KAMRUP
24.832,92.799,5,0,CACHAR
24.83,92.81,5,0,CACHAR
26.582,92.973,5,0,NAGAON
26.745,93.198,5,4,BISWANATH
26.151,91.785,5,0,GUWAHATI CITY
24.83,92.8,5,0,CACHAR
24.832,92.813,5,1,CACHAR
26.099,92.305,5,0,MORIGAON
26.274,91.707,5,1,KAMRUP
26.275,91.471,5,0,KAMRUP
26.142,91.795,5,1,GUWAHATI CITY
26.551,92.934,5,1,NAGAON
26.554,93.834,5,1,GOLAGHAT
26.554,90.395,5,1,CHIRANG
26.325,92.656,5,1,NAGAON
26.326,91.716,5,0,KAMRUP
26.704,92.494,5,0,SONITPUR
26.14,91.675,5,1,GUWAHATI CITY
26.178,91.753,5,3,GUWAHATI CITY
26.331,91.008,5,0,BARPETA
26.542,92.929,5,0,NAGAON
26.253,92.358,5,0,MORIGAON
26.104,92.288,5,1,MORIGAON
26.185,91.739,5,0,GUWAHATI CITY
26.327,92.716,5,0,NAGAON
26.539,90.441,5,1,CHIRANG
26.141,91.64,5,1,GUWAHATI CITY
26.139,92.809,5,0,HOJAI
26.147,92.353,5,2,MORIGAON
26.179,91.672,5,0,GUWAHATI CITY
26.159,91.687,5,0,GUWAHATI CITY
27.754,95.634,5,0,SADIYA
27.752,95.595,5,1,SADIYA
26.298,91.495,5,0,KAMRUP
26.179,91.818,5,2,GUWAHATI CITY
26.148,91.678,5,2,GUWAHATI CITY
26.183,91.738,5,0,GUWAHATI CITY
26.252,92.342,5,0,MORIGAON
24.836,92.826,5,0,CACHAR
26.723,94.126,5,0,JORHAT
24.833,92.774,5,0,CACHAR
26.565,90.238,5,1,KOKRAJHAR
26.567,92.95,5,0,NAGAON
24.842,92.4,5,1,Sribhumi
26.951,93.855,5,0,LAKHIMPUR
26.184,91.564,5,1,KAMRUP
26.573,92.969,5,1,NAGAON
26.436,91.617,5,0,KAMRUP
26.678,93.92,5,0,GOLAGHAT
27.385,94.871,5,0,DIBRUGARH
27.459,95.004,5,1,DIBRUGARH
26.12,92.279,5,0,MORIGAON
26.44,91.588,5,2,KAMRUP
26.44,91.586,5,2,KAMRUP
26.959,93.849,5,2,LAKHIMPUR
26.169,91.672,5,0,GUWAHATI CITY
24.883,92.883,5,1,CACHAR
26.113,91.733,5,1,GUWAHATI CITY
26.113,91.732,5,3,GUWAHATI CITY
26.173,91.759,5,1,GUWAHATI CITY
26.169,89.788,5,0,DHUBRI
26.12,91.694,5,1,GUWAHATI CITY
26.113,91.798,5,1,GUWAHATI CITY
26.218,92.74,5,1,NAGAON
26.122,91.687,5,1,GUWAHATI CITY
26.499,92.031,5,1,DARRANG
26.501,91.148,5,0,BAJALI
26.164,91.715,5,0,GUWAHATI CITY
26.196,90.131,5,0,KOKRAJHAR
26.688,91.199,5,0,BAKSA
26.42,92.342,5,0,MORIGAON
26.173,91.781,5,1,GUWAHATI CITY
26.43,92.014,5,0,DARRANG
26.64,93.606,5,0,GOLAGHAT
26.674,93.909,5,3,GOLAGHAT
26.499,90.562,5,1,CHIRANG
26.112,91.798,5,0,GUWAHATI CITY
26.188,91.743,5,1,GUWAHATI CITY
26.432,90.97,5,0,BARPETA
26.194,90.112,5,1,KOKRAJHAR
26.121,91.94,5,2,GUWAHATI CITY
26.112,91.789,5,4,GUWAHATI CITY
26.479,90.968,5,2,BAKSA
26.664,93.865,5,1,GOLAGHAT
26.117,92.19,5,0,MORIGAON
26.476,90.685,5,1,BONGAIGAON
26.664,93.867,5,1,GOLAGHAT
26.114,91.806,5,0,GUWAHATI CITY
26.118,91.817,5,0,GUWAHATI CITY
24.494,92.322,5,1,Sribhumi
26.441,92.506,5,2,NAGAON
26.203,93.129,5,2,KARBIANGLONG
26.655,92.773,5,0,SONITPUR
26.116,91.718,5,1,GUWAHATI CITY
26.116,91.834,5,2,GUWAHATI CITY
26.464,91.068,5,5,BAJALI
26.459,92.92,5,1,NAGAON
26.456,91.404,5,1,NLBARI
26.117,90.019,5,1,DHUBRI
26.116,91.708,5,2,GUWAHATI CITY
26.486,90.968,5,1,BARPETA
26.119,92.1,5,1,GUWAHATI CITY
26.115,91.81,5,3,GUWAHATI CITY
26.12,91.822,5,3,GUWAHATI CITY
24.797,92.792,5,1,CACHAR
26.453,90.966,5,0,BARPETA
26.211,89.786,5,1,DHUBRI
26.115,92.076,5,0,GUWAHATI CITY
26.114,92.071,5,1,GUWAHATI CITY
26.118,91.955,5,0,GUWAHATI CITY
26.478,92.082,5,0,DARRANG
26.119,91.697,5,3,GUWAHATI CITY
27.411,94.888,5,2,DIBRUGARH
26.206,92.495,5,2,NAGAON
26.478,90.697,5,3,BONGAIGAON
26.115,91.724,5,1,GUWAHATI CITY
26.48,90.968,5,1,BAKSA
26.115,91.721,5,1,GUWAHATI CITY
26.172,91.83,5,1,GUWAHATI CITY
26.161,91.767,5,1,GUWAHATI CITY
26.121,91.923,5,0,GUWAHATI CITY
26.402,91.637,5,2,KAMRUP
26.122,92.008,5,0,GUWAHATI CITY
26.357,92.663,5,0,NAGAON
26.514,91.597,5,1,KAMRUP
26.083,91.578,5,0,GUWAHATI CITY
27.042,93.834,5,2,LAKHIMPUR
26.191,91.67,5,1,KAMRUP
26.186,91.749,5,0,GUWAHATI CITY
26.163,91.714,5,2,GUWAHATI CITY
26.112,91.736,5,2,GUWAHATI CITY
26.404,91.924,5,1,DARRANG
26.123,92.028,5,1,GUWAHATI CITY
26.163,91.671,5,0,GUWAHATI CITY
26.172,91.778,5,0,GUWAHATI CITY
26.061,92.901,5,1,HOJAI
26.112,91.741,5,0,GUWAHATI CITY
26.125,92.218,5,0,MORIGAON
26.124,91.818,5,2,GUWAHATI CITY
26.112,91.739,5,3,GUWAHATI CITY
26.111,91.787,5,1,GUWAHATI CITY
26.769,91.55,5,2,TAMULPUR
26.123,92.04,5,2,GUWAHATI CITY
26.359,92.654,5,0,NAGAON
26.121,92.207,5,1,MORIGAON
26.415,92.841,5,1,NAGAON
26.419,92.848,5,0,NAGAON
26.359,92.651,5,2,NAGAON
26.127,91.619,5,2,GUWAHATI CITY
26.163,91.771,5,0,GUWAHATI CITY
24.768,92.595,5,0,HAILAKANDI
26.187,91.653,5,1,KAMRUP
26.641,93.589,5,1,GOLAGHAT
26.069,90.597,5,3,GOALPARA
26.191,91.757,5,1,GUWAHATI CITY
26.229,91.609,5,1,KAMRUP
27.341,94.17,5,3,LAKHIMPUR
27.066,93.831,5,1,LAKHIMPUR
26.189,92.374,5,0,MORIGAON
26.126,91.815,5,2,GUWAHATI CITY
26.232,92.742,5,1,NAGAON
24.871,92.871,5,0,CACHAR
26.633,93.549,5,2,GOLAGHAT
26.233,91.69,5,1,KAMRUP
26.112,91.744,5,2,GUWAHATI CITY
