group,lane,pair_follower_leader,count,mean,std,min,max,note
Group 5,Median,Auto–Truck,1,6.47,,6.47,6.47,Recomputed from per-vehicle in-times (not a reported table)
Group 5,Median,Bus–LCV,2,12.12,10.493,4.7,19.54,Recomputed from per-vehicle in-times (not a reported table)
Group 5,Median,Bus–Truck,1,3.13,,3.13,3.13,Recomputed from per-vehicle in-times (not a reported table)
Group 5,Median,Car–Auto,1,3.63,,3.63,3.63,Recomputed from per-vehicle in-times (not a reported table)
Group 5,Median,Car–Bus,3,5.0,1.763,3.57,6.97,Recomputed from per-vehicle in-times (not a reported table)
Group 5,Median,Car–Car,47,3.07,3.19,0.0,12.53,Recomputed from per-vehicle in-times (not a reported table)
Group 5,Median,Car–LCV,9,3.923,1.75,0.9,6.37,Recomputed from per-vehicle in-times (not a reported table)
Group 5,Median,Car–Multi Axle,1,1.27,,1.27,1.27,Recomputed from per-vehicle in-times (not a reported table)
Group 5,Median,Car–Truck,14,4.954,4.237,0.17,12.33,Recomputed from per-vehicle in-times (not a reported table)
Group 5,Median,LCV–Car,13,3.081,2.996,0.13,9.74,Recomputed from per-vehicle in-times (not a reported table)
Group 5,Median,LCV–LCV,1,2.5,,2.5,2.5,Recomputed from per-vehicle in-times (not a reported table)
Group 5,Median,LCV–Truck,3,10.677,6.018,4.77,16.8,Recomputed from per-vehicle in-times (not a reported table)
Group 5,Median,Multi Axle–Truck,2,4.98,6.718,0.23,9.73,Recomputed from per-vehicle in-times (not a reported table)
Group 5,Median,Truck–Car,16,5.72,4.959,0.04,15.83,Recomputed from per-vehicle in-times (not a reported table)
Group 5,Median,Truck–LCV,5,6.41,7.293,0.8,19.13,Recomputed from per-vehicle in-times (not a reported table)
Group 5,Median,Truck–Multi Axle,1,3.74,,3.74,3.74,Recomputed from per-vehicle in-times (not a reported table)
Group 5,Median,Truck–Truck,10,6.41,6.583,0.17,17.6,Recomputed from per-vehicle in-times (not a reported table)
Group 5,Shoulder,Auto–Auto,1,9.13,,9.13,9.13,Recomputed from per-vehicle in-times (not a reported table)
Group 5,Shoulder,Auto–Car,2,0.48,0.071,0.43,0.53,Recomputed from per-vehicle in-times (not a reported table)
Group 5,Shoulder,Auto–LCV,3,3.523,3.651,0.94,7.7,Recomputed from per-vehicle in-times (not a reported table)
Group 5,Shoulder,Auto–Multi Axle,1,0.96,,0.96,0.96,Recomputed from per-vehicle in-times (not a reported table)
Group 5,Shoulder,Auto–Two Wheeler,5,2.82,4.431,0.27,10.63,Recomputed from per-vehicle in-times (not a reported table)
Group 5,Shoulder,Bus–Auto,1,5.74,,5.74,5.74,Recomputed from per-vehicle in-times (not a reported table)
Group 5,Shoulder,Bus–Car,2,0.04,0.0,0.04,0.04,Recomputed from per-vehicle in-times (not a reported table)
Group 5,Shoulder,Bus–LCV,1,3.86,,3.86,3.86,Recomputed from per-vehicle in-times (not a reported table)
Group 5,Shoulder,Car–Auto,3,3.347,2.702,0.54,5.93,Recomputed from per-vehicle in-times (not a reported table)
Group 5,Shoulder,Car–Bus,3,1.687,1.44,0.06,2.8,Recomputed from per-vehicle in-times (not a reported table)
Group 5,Shoulder,Car–Car,26,2.763,2.733,0.07,9.67,Recomputed from per-vehicle in-times (not a reported table)
Group 5,Shoulder,Car–LCV,6,5.588,4.214,1.57,10.43,Recomputed from per-vehicle in-times (not a reported table)
Group 5,Shoulder,Car–Truck,6,5.245,4.009,0.5,12.4,Recomputed from per-vehicle in-times (not a reported table)
Group 5,Shoulder,Car–Two Wheeler,14,3.269,3.645,0.0,14.24,Recomputed from per-vehicle in-times (not a reported table)
Group 5,Shoulder,LCV–Auto,3,4.553,3.888,0.76,8.53,Recomputed from per-vehicle in-times (not a reported table)
Group 5,Shoulder,LCV–Car,6,2.043,1.462,0.57,4.7,Recomputed from per-vehicle in-times (not a reported table)
Group 5,Shoulder,LCV–LCV,4,2.045,1.513,0.23,3.9,Recomputed from per-vehicle in-times (not a reported table)
Group 5,Shoulder,LCV–Truck,4,3.398,3.193,0.1,7.73,Recomputed from per-vehicle in-times (not a reported table)
Group 5,Shoulder,LCV–Two Wheeler,6,2.237,1.67,0.33,5.03,Recomputed from per-vehicle in-times (not a reported table)
Group 5,Shoulder,Multi Axle–Auto,1,12.57,,12.57,12.57,Recomputed from per-vehicle in-times (not a reported table)
Group 5,Shoulder,Truck–Auto,1,9.8,,9.8,9.8,Recomputed from per-vehicle in-times (not a reported table)
Group 5,Shoulder,Truck–Car,6,3.855,3.9,0.26,9.87,Recomputed from per-vehicle in-times (not a reported table)
Group 5,Shoulder,Truck–LCV,1,0.9,,0.9,0.9,Recomputed from per-vehicle in-times (not a reported table)
Group 5,Shoulder,Truck–Truck,2,2.64,0.283,2.44,2.84,Recomputed from per-vehicle in-times (not a reported table)
Group 5,Shoulder,Truck–Two Wheeler,6,0.655,0.325,0.26,1.17,Recomputed from per-vehicle in-times (not a reported table)
Group 5,Shoulder,Two Wheeler–Auto,2,3.915,3.896,1.16,6.67,Recomputed from per-vehicle in-times (not a reported table)
Group 5,Shoulder,Two Wheeler–Bus,1,3.4,,3.4,3.4,Recomputed from per-vehicle in-times (not a reported table)
Group 5,Shoulder,Two Wheeler–Car,16,3.839,3.673,0.04,13.5,Recomputed from per-vehicle in-times (not a reported table)
Group 5,Shoulder,Two Wheeler–LCV,8,7.984,7.984,0.4,22.67,Recomputed from per-vehicle in-times (not a reported table)
Group 5,Shoulder,Two Wheeler–Truck,4,5.342,3.767,0.33,9.47,Recomputed from per-vehicle in-times (not a reported table)
Group 5,Shoulder,Two Wheeler–Two Wheeler,44,1.378,2.059,0.03,8.63,Recomputed from per-vehicle in-times (not a reported table)
