group,experiment,site,run,direction,count_type,vehicle_class,count,pcu,source_file,source_location,extraction_method
Group 5,Exp6,"Amingaon, Guwahati; L = 3 km",NB-1,Northbound (Lane 1),Overtaking test vehicle,Truck,1,3.5,Expt 6.xlsx,Sheet1!I4,xlsx
Group 5,Exp6,"Amingaon, Guwahati; L = 3 km",NB-1,Northbound (Lane 1),Overtaking test vehicle,LCV,3,6.6000000000000005,Expt 6.xlsx,Sheet1!I5,xlsx
Group 5,Exp6,"Amingaon, Guwahati; L = 3 km",NB-1,Northbound (Lane 1),Overtaking test vehicle,Bus,0,0.0,Expt 6.xlsx,Sheet1!I6,xlsx
Group 5,Exp6,"Amingaon, Guwahati; L = 3 km",NB-1,Northbound (Lane 1),Overtaking test vehicle,Car,5,5.0,Expt 6.xlsx,Sheet1!I7,xlsx
Group 5,Exp6,"Amingaon, Guwahati; L = 3 km",NB-1,Northbound (Lane 1),Overtaking test vehicle,Auto,1,2.0,Expt 6.xlsx,Sheet1!I8,xlsx
Group 5,Exp6,"Amingaon, Guwahati; L = 3 km",NB-1,Northbound (Lane 1),Overtaking test vehicle,Two Wheeler,12,6.0,Expt 6.xlsx,Sheet1!I9,xlsx
Group 5,Exp6,"Amingaon, Guwahati; L = 3 km",SB-1,Southbound (Lane 2),Overtaking test vehicle,Truck,1,3.5,Expt 6.xlsx,Sheet1!M4,xlsx
Group 5,Exp6,"Amingaon, Guwahati; L = 3 km",SB-1,Southbound (Lane 2),Overtaking test vehicle,LCV,1,2.2,Expt 6.xlsx,Sheet1!M5,xlsx
Group 5,Exp6,"Amingaon, Guwahati; L = 3 km",SB-1,Southbound (Lane 2),Overtaking test vehicle,Bus,0,0.0,Expt 6.xlsx,Sheet1!M6,xlsx
Group 5,Exp6,"Amingaon, Guwahati; L = 3 km",SB-1,Southbound (Lane 2),Overtaking test vehicle,Car,4,4.0,Expt 6.xlsx,Sheet1!M7,xlsx
Group 5,Exp6,"Amingaon, Guwahati; L = 3 km",SB-1,Southbound (Lane 2),Overtaking test vehicle,Auto,1,2.0,Expt 6.xlsx,Sheet1!M8,xlsx
Group 5,Exp6,"Amingaon, Guwahati; L = 3 km",SB-1,Southbound (Lane 2),Overtaking test vehicle,Two Wheeler,14,7.0,Expt 6.xlsx,Sheet1!M9,xlsx
Group 5,Exp6,"Amingaon, Guwahati; L = 3 km",NB-2,Northbound (Lane 1),Overtaking test vehicle,Truck,1,3.5,Expt 6.xlsx,Sheet1!I13,xlsx
Group 5,Exp6,"Amingaon, Guwahati; L = 3 km",NB-2,Northbound (Lane 1),Overtaking test vehicle,LCV,2,4.4,Expt 6.xlsx,Sheet1!I14,xlsx
Group 5,Exp6,"Amingaon, Guwahati; L = 3 km",NB-2,Northbound (Lane 1),Overtaking test vehicle,Bus,1,3.5,Expt 6.xlsx,Sheet1!I15,xlsx
Group 5,Exp6,"Amingaon, Guwahati; L = 3 km",NB-2,Northbound (Lane 1),Overtaking test vehicle,Car,4,4.0,Expt 6.xlsx,Sheet1!I16,xlsx
Group 5,Exp6,"Amingaon, Guwahati; L = 3 km",NB-2,Northbound (Lane 1),Overtaking test vehicle,Auto,0,0.0,Expt 6.xlsx,Sheet1!I17,xlsx
Group 5,Exp6,"Amingaon, Guwahati; L = 3 km",NB-2,Northbound (Lane 1),Overtaking test vehicle,Two Wheeler,12,6.0,Expt 6.xlsx,Sheet1!I18,xlsx
Group 5,Exp6,"Amingaon, Guwahati; L = 3 km",SB-2,Southbound (Lane 2),Overtaking test vehicle,Truck,1,3.5,Expt 6.xlsx,Sheet1!M13,xlsx
Group 5,Exp6,"Amingaon, Guwahati; L = 3 km",SB-2,Southbound (Lane 2),Overtaking test vehicle,LCV,2,4.4,Expt 6.xlsx,Sheet1!M14,xlsx
Group 5,Exp6,"Amingaon, Guwahati; L = 3 km",SB-2,Southbound (Lane 2),Overtaking test vehicle,Bus,0,0.0,Expt 6.xlsx,Sheet1!M15,xlsx
Group 5,Exp6,"Amingaon, Guwahati; L = 3 km",SB-2,Southbound (Lane 2),Overtaking test vehicle,Car,4,4.0,Expt 6.xlsx,Sheet1!M16,xlsx
Group 5,Exp6,"Amingaon, Guwahati; L = 3 km",SB-2,Southbound (Lane 2),Overtaking test vehicle,Auto,0,0.0,Expt 6.xlsx,Sheet1!M17,xlsx
Group 5,Exp6,"Amingaon, Guwahati; L = 3 km",SB-2,Southbound (Lane 2),Overtaking test vehicle,Two Wheeler,9,4.5,Expt 6.xlsx,Sheet1!M18,xlsx
Group 5,Exp6,"Amingaon, Guwahati; L = 3 km",NB-1,Northbound (Lane 1),Overtaken by test vehicle,Truck,0,0.0,Expt 6.xlsx,Sheet1!I24,xlsx
Group 5,Exp6,"Amingaon, Guwahati; L = 3 km",NB-1,Northbound (Lane 1),Overtaken by test vehicle,LCV,2,4.4,Expt 6.xlsx,Sheet1!I25,xlsx
Group 5,Exp6,"Amingaon, Guwahati; L = 3 km",NB-1,Northbound (Lane 1),Overtaken by test vehicle,Bus,8,28.0,Expt 6.xlsx,Sheet1!I26,xlsx
Group 5,Exp6,"Amingaon, Guwahati; L = 3 km",NB-1,Northbound (Lane 1),Overtaken by test vehicle,Car,0,0.0,Expt 6.xlsx,Sheet1!I27,xlsx
Group 5,Exp6,"Amingaon, Guwahati; L = 3 km",NB-1,Northbound (Lane 1),Overtaken by test vehicle,Auto,3,6.0,Expt 6.xlsx,Sheet1!I28,xlsx
Group 5,Exp6,"Amingaon, Guwahati; L = 3 km",NB-1,Northbound (Lane 1),Overtaken by test vehicle,Two Wheeler,0,0.0,Expt 6.xlsx,Sheet1!I29,xlsx
Group 5,Exp6,"Amingaon, Guwahati; L = 3 km",SB-1,Southbound (Lane 2),Overtaken by test vehicle,Truck,1,3.5,Expt 6.xlsx,Sheet1!M24,xlsx
Group 5,Exp6,"Amingaon, Guwahati; L = 3 km",SB-1,Southbound (Lane 2),Overtaken by test vehicle,LCV,1,2.2,Expt 6.xlsx,Sheet1!M25,xlsx
Group 5,Exp6,"Amingaon, Guwahati; L = 3 km",SB-1,Southbound (Lane 2),Overtaken by test vehicle,Bus,1,3.5,Expt 6.xlsx,Sheet1!M26,xlsx
Group 5,Exp6,"Amingaon, Guwahati; L = 3 km",SB-1,Southbound (Lane 2),Overtaken by test vehicle,Car,0,0.0,Expt 6.xlsx,Sheet1!M27,xlsx
Group 5,Exp6,"Amingaon, Guwahati; L = 3 km",SB-1,Southbound (Lane 2),Overtaken by test vehicle,Auto,2,4.0,Expt 6.xlsx,Sheet1!M28,xlsx
Group 5,Exp6,"Amingaon, Guwahati; L = 3 km",SB-1,Southbound (Lane 2),Overtaken by test vehicle,Two Wheeler,6,3.0,Expt 6.xlsx,Sheet1!M29,xlsx
Group 5,Exp6,"Amingaon, Guwahati; L = 3 km",NB-2,Northbound (Lane 1),Overtaken by test vehicle,Truck,4,14.0,Expt 6.xlsx,Sheet1!I33,xlsx
Group 5,Exp6,"Amingaon, Guwahati; L = 3 km",NB-2,Northbound (Lane 1),Overtaken by test vehicle,LCV,3,6.6000000000000005,Expt 6.xlsx,Sheet1!I34,xlsx
Group 5,Exp6,"Amingaon, Guwahati; L = 3 km",NB-2,Northbound (Lane 1),Overtaken by test vehicle,Bus,0,0.0,Expt 6.xlsx,Sheet1!I35,xlsx
Group 5,Exp6,"Amingaon, Guwahati; L = 3 km",NB-2,Northbound (Lane 1),Overtaken by test vehicle,Car,0,0.0,Expt 6.xlsx,Sheet1!I36,xlsx
Group 5,Exp6,"Amingaon, Guwahati; L = 3 km",NB-2,Northbound (Lane 1),Overtaken by test vehicle,Auto,0,0.0,Expt 6.xlsx,Sheet1!I37,xlsx
Group 5,Exp6,"Amingaon, Guwahati; L = 3 km",NB-2,Northbound (Lane 1),Overtaken by test vehicle,Two Wheeler,11,5.5,Expt 6.xlsx,Sheet1!I38,xlsx
Group 5,Exp6,"Amingaon, Guwahati; L = 3 km",SB-2,Southbound (Lane 2),Overtaken by test vehicle,Truck,1,3.5,Expt 6.xlsx,Sheet1!M33,xlsx
Group 5,Exp6,"Amingaon, Guwahati; L = 3 km",SB-2,Southbound (Lane 2),Overtaken by test vehicle,LCV,2,4.4,Expt 6.xlsx,Sheet1!M34,xlsx
Group 5,Exp6,"Amingaon, Guwahati; L = 3 km",SB-2,Southbound (Lane 2),Overtaken by test vehicle,Bus,0,0.0,Expt 6.xlsx,Sheet1!M35,xlsx
Group 5,Exp6,"Amingaon, Guwahati; L = 3 km",SB-2,Southbound (Lane 2),Overtaken by test vehicle,Car,0,0.0,Expt 6.xlsx,Sheet1!M36,xlsx
Group 5,Exp6,"Amingaon, Guwahati; L = 3 km",SB-2,Southbound (Lane 2),Overtaken by test vehicle,Auto,1,2.0,Expt 6.xlsx,Sheet1!M37,xlsx
Group 5,Exp6,"Amingaon, Guwahati; L = 3 km",SB-2,Southbound (Lane 2),Overtaken by test vehicle,Two Wheeler,5,2.5,Expt 6.xlsx,Sheet1!M38,xlsx
Group 5,Exp6,"Amingaon, Guwahati; L = 3 km",run-1 (block A3:C10),"opposite stream: ""from lane 1 to observing lane 2""",Opposite-direction count,Multi Axle,5,22.5,Expt 6.xlsx,Sheet1!A3,xlsx
Group 5,Exp6,"Amingaon, Guwahati; L = 3 km",run-1 (block A3:C10),"opposite stream: ""from lane 1 to observing lane 2""",Opposite-direction count,Truck,14,49.0,Expt 6.xlsx,Sheet1!A4,xlsx
Group 5,Exp6,"Amingaon, Guwahati; L = 3 km",run-1 (block A3:C10),"opposite stream: ""from lane 1 to observing lane 2""",Opposite-direction count,LCV,19,41.800000000000004,Expt 6.xlsx,Sheet1!A5,xlsx
Group 5,Exp6,"Amingaon, Guwahati; L = 3 km",run-1 (block A3:C10),"opposite stream: ""from lane 1 to observing lane 2""",Opposite-direction count,Bus,9,31.5,Expt 6.xlsx,Sheet1!A6,xlsx
Group 5,Exp6,"Amingaon, Guwahati; L = 3 km",run-1 (block A3:C10),"opposite stream: ""from lane 1 to observing lane 2""",Opposite-direction count,Car,90,90.0,Expt 6.xlsx,Sheet1!A7,xlsx
Group 5,Exp6,"Amingaon, Guwahati; L = 3 km",run-1 (block A3:C10),"opposite stream: ""from lane 1 to observing lane 2""",Opposite-direction count,Auto,6,12.0,Expt 6.xlsx,Sheet1!A8,xlsx
Group 5,Exp6,"Amingaon, Guwahati; L = 3 km",run-1 (block A3:C10),"opposite stream: ""from lane 1 to observing lane 2""",Opposite-direction count,Two Wheeler,34,17.0,Expt 6.xlsx,Sheet1!A9,xlsx
Group 5,Exp6,"Amingaon, Guwahati; L = 3 km",run-1 (block E3:G10),"opposite stream: ""from lane 2 to observing lane 1""",Opposite-direction count,Multi Axle,4,18.0,Expt 6.xlsx,Sheet1!E3,xlsx
Group 5,Exp6,"Amingaon, Guwahati; L = 3 km",run-1 (block E3:G10),"opposite stream: ""from lane 2 to observing lane 1""",Opposite-direction count,Truck,16,56.0,Expt 6.xlsx,Sheet1!E4,xlsx
Group 5,Exp6,"Amingaon, Guwahati; L = 3 km",run-1 (block E3:G10),"opposite stream: ""from lane 2 to observing lane 1""",Opposite-direction count,LCV,31,68.2,Expt 6.xlsx,Sheet1!E5,xlsx
Group 5,Exp6,"Amingaon, Guwahati; L = 3 km",run-1 (block E3:G10),"opposite stream: ""from lane 2 to observing lane 1""",Opposite-direction count,Bus,10,35.0,Expt 6.xlsx,Sheet1!E6,xlsx
Group 5,Exp6,"Amingaon, Guwahati; L = 3 km",run-1 (block E3:G10),"opposite stream: ""from lane 2 to observing lane 1""",Opposite-direction count,Car,90,90.0,Expt 6.xlsx,Sheet1!E7,xlsx
Group 5,Exp6,"Amingaon, Guwahati; L = 3 km",run-1 (block E3:G10),"opposite stream: ""from lane 2 to observing lane 1""",Opposite-direction count,Auto,9,18.0,Expt 6.xlsx,Sheet1!E8,xlsx
Group 5,Exp6,"Amingaon, Guwahati; L = 3 km",run-1 (block E3:G10),"opposite stream: ""from lane 2 to observing lane 1""",Opposite-direction count,Two Wheeler,28,14.0,Expt 6.xlsx,Sheet1!E9,xlsx
Group 5,Exp6,"Amingaon, Guwahati; L = 3 km",run-2 (block A13:C20),"opposite stream: ""from lane 1 to observing lane 2""",Opposite-direction count,Multi Axle,3,13.5,Expt 6.xlsx,Sheet1!A13,xlsx
Group 5,Exp6,"Amingaon, Guwahati; L = 3 km",run-2 (block A13:C20),"opposite stream: ""from lane 1 to observing lane 2""",Opposite-direction count,Truck,13,45.5,Expt 6.xlsx,Sheet1!A14,xlsx
Group 5,Exp6,"Amingaon, Guwahati; L = 3 km",run-2 (block A13:C20),"opposite stream: ""from lane 1 to observing lane 2""",Opposite-direction count,LCV,45,99.00000000000001,Expt 6.xlsx,Sheet1!A15,xlsx
Group 5,Exp6,"Amingaon, Guwahati; L = 3 km",run-2 (block A13:C20),"opposite stream: ""from lane 1 to observing lane 2""",Opposite-direction count,Bus,13,45.5,Expt 6.xlsx,Sheet1!A16,xlsx
Group 5,Exp6,"Amingaon, Guwahati; L = 3 km",run-2 (block A13:C20),"opposite stream: ""from lane 1 to observing lane 2""",Opposite-direction count,Car,74,74.0,Expt 6.xlsx,Sheet1!A17,xlsx
Group 5,Exp6,"Amingaon, Guwahati; L = 3 km",run-2 (block A13:C20),"opposite stream: ""from lane 1 to observing lane 2""",Opposite-direction count,Auto,11,22.0,Expt 6.xlsx,Sheet1!A18,xlsx
Group 5,Exp6,"Amingaon, Guwahati; L = 3 km",run-2 (block A13:C20),"opposite stream: ""from lane 1 to observing lane 2""",Opposite-direction count,Two Wheeler,70,35.0,Expt 6.xlsx,Sheet1!A19,xlsx
Group 5,Exp6,"Amingaon, Guwahati; L = 3 km",run-2 (block E13:G20),"opposite stream: ""from lane 2 to observing lane 1""",Opposite-direction count,Multi Axle,6,27.0,Expt 6.xlsx,Sheet1!E13,xlsx
Group 5,Exp6,"Amingaon, Guwahati; L = 3 km",run-2 (block E13:G20),"opposite stream: ""from lane 2 to observing lane 1""",Opposite-direction count,Truck,18,63.0,Expt 6.xlsx,Sheet1!E14,xlsx
Group 5,Exp6,"Amingaon, Guwahati; L = 3 km",run-2 (block E13:G20),"opposite stream: ""from lane 2 to observing lane 1""",Opposite-direction count,LCV,35,77.0,Expt 6.xlsx,Sheet1!E15,xlsx
Group 5,Exp6,"Amingaon, Guwahati; L = 3 km",run-2 (block E13:G20),"opposite stream: ""from lane 2 to observing lane 1""",Opposite-direction count,Bus,3,10.5,Expt 6.xlsx,Sheet1!E16,xlsx
Group 5,Exp6,"Amingaon, Guwahati; L = 3 km",run-2 (block E13:G20),"opposite stream: ""from lane 2 to observing lane 1""",Opposite-direction count,Car,105,105.0,Expt 6.xlsx,Sheet1!E17,xlsx
Group 5,Exp6,"Amingaon, Guwahati; L = 3 km",run-2 (block E13:G20),"opposite stream: ""from lane 2 to observing lane 1""",Opposite-direction count,Auto,13,26.0,Expt 6.xlsx,Sheet1!E18,xlsx
Group 5,Exp6,"Amingaon, Guwahati; L = 3 km",run-2 (block E13:G20),"opposite stream: ""from lane 2 to observing lane 1""",Opposite-direction count,Two Wheeler,58,29.0,Expt 6.xlsx,Sheet1!E19,xlsx
Group 12,Exp6,Road stretch L = 1.9 km (not named),Lap 1 (0-5.34 min),not stated,Overtaking test vehicle,Multi Axle,0,,CE323_EXP6.pdf,p.4 table 1,pdf table
Group 12,Exp6,Road stretch L = 1.9 km (not named),Lap 1 (0-5.34 min),not stated,Overtaken by test vehicle,Multi Axle,0,,CE323_EXP6.pdf,p.4 table 1,pdf table
Group 12,Exp6,Road stretch L = 1.9 km (not named),Lap 1 (0-5.34 min),not stated,Overtaking test vehicle,Truck,0,,CE323_EXP6.pdf,p.4 table 1,pdf table
Group 12,Exp6,Road stretch L = 1.9 km (not named),Lap 1 (0-5.34 min),not stated,Overtaken by test vehicle,Truck,1,,CE323_EXP6.pdf,p.4 table 1,pdf table
Group 12,Exp6,Road stretch L = 1.9 km (not named),Lap 1 (0-5.34 min),not stated,Overtaking test vehicle,LCV,2,,CE323_EXP6.pdf,p.4 table 1,pdf table
Group 12,Exp6,Road stretch L = 1.9 km (not named),Lap 1 (0-5.34 min),not stated,Overtaken by test vehicle,LCV,0,,CE323_EXP6.pdf,p.4 table 1,pdf table
Group 12,Exp6,Road stretch L = 1.9 km (not named),Lap 1 (0-5.34 min),not stated,Overtaking test vehicle,Bus,0,,CE323_EXP6.pdf,p.4 table 1,pdf table
Group 12,Exp6,Road stretch L = 1.9 km (not named),Lap 1 (0-5.34 min),not stated,Overtaken by test vehicle,Bus,0,,CE323_EXP6.pdf,p.4 table 1,pdf table
Group 12,Exp6,Road stretch L = 1.9 km (not named),Lap 1 (0-5.34 min),not stated,Overtaking test vehicle,Car,5,,CE323_EXP6.pdf,p.4 table 1,pdf table
Group 12,Exp6,Road stretch L = 1.9 km (not named),Lap 1 (0-5.34 min),not stated,Overtaken by test vehicle,Car,0,,CE323_EXP6.pdf,p.4 table 1,pdf table
Group 12,Exp6,Road stretch L = 1.9 km (not named),Lap 1 (0-5.34 min),not stated,Overtaking test vehicle,Auto,0,,CE323_EXP6.pdf,p.4 table 1,pdf table
Group 12,Exp6,Road stretch L = 1.9 km (not named),Lap 1 (0-5.34 min),not stated,Overtaken by test vehicle,Auto,1,,CE323_EXP6.pdf,p.4 table 1,pdf table
Group 12,Exp6,Road stretch L = 1.9 km (not named),Lap 1 (0-5.34 min),not stated,Overtaking test vehicle,Two Wheeler,8,,CE323_EXP6.pdf,p.4 table 1,pdf table
Group 12,Exp6,Road stretch L = 1.9 km (not named),Lap 1 (0-5.34 min),not stated,Overtaken by test vehicle,Two Wheeler,1,,CE323_EXP6.pdf,p.4 table 1,pdf table
Group 12,Exp6,Road stretch L = 1.9 km (not named),Lap 1 (0-5.34 min),not stated,Opposite-direction count,Multi Axle,2,,CE323_EXP6.pdf,p.4 table 2,pdf table
Group 12,Exp6,Road stretch L = 1.9 km (not named),Lap 1 (0-5.34 min),not stated,Opposite-direction count,Truck,14,,CE323_EXP6.pdf,p.4 table 2,pdf table
Group 12,Exp6,Road stretch L = 1.9 km (not named),Lap 1 (0-5.34 min),not stated,Opposite-direction count,LCV,26,,CE323_EXP6.pdf,p.4 table 2,pdf table
Group 12,Exp6,Road stretch L = 1.9 km (not named),Lap 1 (0-5.34 min),not stated,Opposite-direction count,Bus,10,,CE323_EXP6.pdf,p.4 table 2,pdf table
Group 12,Exp6,Road stretch L = 1.9 km (not named),Lap 1 (0-5.34 min),not stated,Opposite-direction count,Car,46,,CE323_EXP6.pdf,p.4 table 2,pdf table
Group 12,Exp6,Road stretch L = 1.9 km (not named),Lap 1 (0-5.34 min),not stated,Opposite-direction count,Auto,10,,CE323_EXP6.pdf,p.4 table 2,pdf table
Group 12,Exp6,Road stretch L = 1.9 km (not named),Lap 1 (0-5.34 min),not stated,Opposite-direction count,Two Wheeler,40,,CE323_EXP6.pdf,p.4 table 2,pdf table
Group 12,Exp6,Road stretch L = 1.9 km (not named),Lap 1 (0-5.34 min),not stated,Opposite-direction count,Cycle,2,,CE323_EXP6.pdf,p.4 table 2,pdf table
Group 12,Exp6,Road stretch L = 1.9 km (not named),Lap 2 (5.34-10.47 min),not stated,Overtaking test vehicle,Multi Axle,0,,CE323_EXP6.pdf,p.4 table 1,pdf table
Group 12,Exp6,Road stretch L = 1.9 km (not named),Lap 2 (5.34-10.47 min),not stated,Overtaken by test vehicle,Multi Axle,0,,CE323_EXP6.pdf,p.4 table 1,pdf table
Group 12,Exp6,Road stretch L = 1.9 km (not named),Lap 2 (5.34-10.47 min),not stated,Overtaking test vehicle,Truck,0,,CE323_EXP6.pdf,p.4 table 1,pdf table
Group 12,Exp6,Road stretch L = 1.9 km (not named),Lap 2 (5.34-10.47 min),not stated,Overtaken by test vehicle,Truck,0,,CE323_EXP6.pdf,p.4 table 1,pdf table
Group 12,Exp6,Road stretch L = 1.9 km (not named),Lap 2 (5.34-10.47 min),not stated,Overtaking test vehicle,LCV,5,,CE323_EXP6.pdf,p.4 table 1,pdf table
Group 12,Exp6,Road stretch L = 1.9 km (not named),Lap 2 (5.34-10.47 min),not stated,Overtaken by test vehicle,LCV,1,,CE323_EXP6.pdf,p.4 table 1,pdf table
Group 12,Exp6,Road stretch L = 1.9 km (not named),Lap 2 (5.34-10.47 min),not stated,Overtaking test vehicle,Bus,1,,CE323_EXP6.pdf,p.4 table 1,pdf table
Group 12,Exp6,Road stretch L = 1.9 km (not named),Lap 2 (5.34-10.47 min),not stated,Overtaken by test vehicle,Bus,0,,CE323_EXP6.pdf,p.4 table 1,pdf table
Group 12,Exp6,Road stretch L = 1.9 km (not named),Lap 2 (5.34-10.47 min),not stated,Overtaking test vehicle,Car,21,,CE323_EXP6.pdf,p.4 table 1,pdf table
Group 12,Exp6,Road stretch L = 1.9 km (not named),Lap 2 (5.34-10.47 min),not stated,Overtaken by test vehicle,Car,3,,CE323_EXP6.pdf,p.4 table 1,pdf table
Group 12,Exp6,Road stretch L = 1.9 km (not named),Lap 2 (5.34-10.47 min),not stated,Overtaking test vehicle,Auto,4,,CE323_EXP6.pdf,p.4 table 1,pdf table
Group 12,Exp6,Road stretch L = 1.9 km (not named),Lap 2 (5.34-10.47 min),not stated,Overtaken by test vehicle,Auto,2,,CE323_EXP6.pdf,p.4 table 1,pdf table
Group 12,Exp6,Road stretch L = 1.9 km (not named),Lap 2 (5.34-10.47 min),not stated,Overtaking test vehicle,Two Wheeler,34,,CE323_EXP6.pdf,p.4 table 1,pdf table
Group 12,Exp6,Road stretch L = 1.9 km (not named),Lap 2 (5.34-10.47 min),not stated,Overtaken by test vehicle,Two Wheeler,4,,CE323_EXP6.pdf,p.4 table 1,pdf table
Group 12,Exp6,Road stretch L = 1.9 km (not named),Lap 2 (5.34-10.47 min),not stated,Opposite-direction count,Multi Axle,5,,CE323_EXP6.pdf,p.4 table 2,pdf table
Group 12,Exp6,Road stretch L = 1.9 km (not named),Lap 2 (5.34-10.47 min),not stated,Opposite-direction count,Truck,36,,CE323_EXP6.pdf,p.4 table 2,pdf table
Group 12,Exp6,Road stretch L = 1.9 km (not named),Lap 2 (5.34-10.47 min),not stated,Opposite-direction count,LCV,77,,CE323_EXP6.pdf,p.4 table 2,pdf table
Group 12,Exp6,Road stretch L = 1.9 km (not named),Lap 2 (5.34-10.47 min),not stated,Opposite-direction count,Bus,6,,CE323_EXP6.pdf,p.4 table 2,pdf table
Group 12,Exp6,Road stretch L = 1.9 km (not named),Lap 2 (5.34-10.47 min),not stated,Opposite-direction count,Car,110,,CE323_EXP6.pdf,p.4 table 2,pdf table
Group 12,Exp6,Road stretch L = 1.9 km (not named),Lap 2 (5.34-10.47 min),not stated,Opposite-direction count,Auto,22,,CE323_EXP6.pdf,p.4 table 2,pdf table
Group 12,Exp6,Road stretch L = 1.9 km (not named),Lap 2 (5.34-10.47 min),not stated,Opposite-direction count,Two Wheeler,134,,CE323_EXP6.pdf,p.4 table 2,pdf table
Group 12,Exp6,Road stretch L = 1.9 km (not named),Lap 2 (5.34-10.47 min),not stated,Opposite-direction count,Cycle,1,,CE323_EXP6.pdf,p.4 table 2,pdf table
Group 12,Exp6,Road stretch L = 1.9 km (not named),Lap 3 (10.47-22.14 min),not stated,Overtaking test vehicle,Multi Axle,0,,CE323_EXP6.pdf,p.4 table 1,pdf table
Group 12,Exp6,Road stretch L = 1.9 km (not named),Lap 3 (10.47-22.14 min),not stated,Overtaken by test vehicle,Multi Axle,0,,CE323_EXP6.pdf,p.4 table 1,pdf table
Group 12,Exp6,Road stretch L = 1.9 km (not named),Lap 3 (10.47-22.14 min),not stated,Overtaking test vehicle,Truck,0,,CE323_EXP6.pdf,p.4 table 1,pdf table
Group 12,Exp6,Road stretch L = 1.9 km (not named),Lap 3 (10.47-22.14 min),not stated,Overtaken by test vehicle,Truck,0,,CE323_EXP6.pdf,p.4 table 1,pdf table
Group 12,Exp6,Road stretch L = 1.9 km (not named),Lap 3 (10.47-22.14 min),not stated,Overtaking test vehicle,LCV,0,,CE323_EXP6.pdf,p.4 table 1,pdf table
Group 12,Exp6,Road stretch L = 1.9 km (not named),Lap 3 (10.47-22.14 min),not stated,Overtaken by test vehicle,LCV,3,,CE323_EXP6.pdf,p.4 table 1,pdf table
Group 12,Exp6,Road stretch L = 1.9 km (not named),Lap 3 (10.47-22.14 min),not stated,Overtaking test vehicle,Bus,0,,CE323_EXP6.pdf,p.4 table 1,pdf table
Group 12,Exp6,Road stretch L = 1.9 km (not named),Lap 3 (10.47-22.14 min),not stated,Overtaken by test vehicle,Bus,0,,CE323_EXP6.pdf,p.4 table 1,pdf table
Group 12,Exp6,Road stretch L = 1.9 km (not named),Lap 3 (10.47-22.14 min),not stated,Overtaking test vehicle,Car,1,,CE323_EXP6.pdf,p.4 table 1,pdf table
Group 12,Exp6,Road stretch L = 1.9 km (not named),Lap 3 (10.47-22.14 min),not stated,Overtaken by test vehicle,Car,3,,CE323_EXP6.pdf,p.4 table 1,pdf table
Group 12,Exp6,Road stretch L = 1.9 km (not named),Lap 3 (10.47-22.14 min),not stated,Overtaking test vehicle,Auto,0,,CE323_EXP6.pdf,p.4 table 1,pdf table
Group 12,Exp6,Road stretch L = 1.9 km (not named),Lap 3 (10.47-22.14 min),not stated,Overtaken by test vehicle,Auto,5,,CE323_EXP6.pdf,p.4 table 1,pdf table
Group 12,Exp6,Road stretch L = 1.9 km (not named),Lap 3 (10.47-22.14 min),not stated,Overtaking test vehicle,Two Wheeler,10,,CE323_EXP6.pdf,p.4 table 1,pdf table
Group 12,Exp6,Road stretch L = 1.9 km (not named),Lap 3 (10.47-22.14 min),not stated,Overtaken by test vehicle,Two Wheeler,7,,CE323_EXP6.pdf,p.4 table 1,pdf table
Group 12,Exp6,Road stretch L = 1.9 km (not named),Lap 3 (10.47-22.14 min),not stated,Opposite-direction count,Multi Axle,5,,CE323_EXP6.pdf,p.4 table 2,pdf table
Group 12,Exp6,Road stretch L = 1.9 km (not named),Lap 3 (10.47-22.14 min),not stated,Opposite-direction count,Truck,3,,CE323_EXP6.pdf,p.4 table 2,pdf table
Group 12,Exp6,Road stretch L = 1.9 km (not named),Lap 3 (10.47-22.14 min),not stated,Opposite-direction count,LCV,34,,CE323_EXP6.pdf,p.4 table 2,pdf table
Group 12,Exp6,Road stretch L = 1.9 km (not named),Lap 3 (10.47-22.14 min),not stated,Opposite-direction count,Bus,12,,CE323_EXP6.pdf,p.4 table 2,pdf table
Group 12,Exp6,Road stretch L = 1.9 km (not named),Lap 3 (10.47-22.14 min),not stated,Opposite-direction count,Car,136,,CE323_EXP6.pdf,p.4 table 2,pdf table
Group 12,Exp6,Road stretch L = 1.9 km (not named),Lap 3 (10.47-22.14 min),not stated,Opposite-direction count,Auto,20,,CE323_EXP6.pdf,p.4 table 2,pdf table
Group 12,Exp6,Road stretch L = 1.9 km (not named),Lap 3 (10.47-22.14 min),not stated,Opposite-direction count,Two Wheeler,73,,CE323_EXP6.pdf,p.4 table 2,pdf table
Group 12,Exp6,Road stretch L = 1.9 km (not named),Lap 3 (10.47-22.14 min),not stated,Opposite-direction count,Cycle,2,,CE323_EXP6.pdf,p.4 table 2,pdf table
Group 12,Exp6,Road stretch L = 1.9 km (not named),Lap 4 (22.14-26.58 min),not stated,Overtaking test vehicle,Multi Axle,0,,CE323_EXP6.pdf,p.4 table 1,pdf table
Group 12,Exp6,Road stretch L = 1.9 km (not named),Lap 4 (22.14-26.58 min),not stated,Overtaken by test vehicle,Multi Axle,0,,CE323_EXP6.pdf,p.4 table 1,pdf table
Group 12,Exp6,Road stretch L = 1.9 km (not named),Lap 4 (22.14-26.58 min),not stated,Overtaking test vehicle,Truck,0,,CE323_EXP6.pdf,p.4 table 1,pdf table
Group 12,Exp6,Road stretch L = 1.9 km (not named),Lap 4 (22.14-26.58 min),not stated,Overtaken by test vehicle,Truck,0,,CE323_EXP6.pdf,p.4 table 1,pdf table
Group 12,Exp6,Road stretch L = 1.9 km (not named),Lap 4 (22.14-26.58 min),not stated,Overtaking test vehicle,LCV,0,,CE323_EXP6.pdf,p.4 table 1,pdf table
Group 12,Exp6,Road stretch L = 1.9 km (not named),Lap 4 (22.14-26.58 min),not stated,Overtaken by test vehicle,LCV,0,,CE323_EXP6.pdf,p.4 table 1,pdf table
Group 12,Exp6,Road stretch L = 1.9 km (not named),Lap 4 (22.14-26.58 min),not stated,Overtaking test vehicle,Bus,0,,CE323_EXP6.pdf,p.4 table 1,pdf table
Group 12,Exp6,Road stretch L = 1.9 km (not named),Lap 4 (22.14-26.58 min),not stated,Overtaken by test vehicle,Bus,0,,CE323_EXP6.pdf,p.4 table 1,pdf table
Group 12,Exp6,Road stretch L = 1.9 km (not named),Lap 4 (22.14-26.58 min),not stated,Overtaking test vehicle,Car,1,,CE323_EXP6.pdf,p.4 table 1,pdf table
Group 12,Exp6,Road stretch L = 1.9 km (not named),Lap 4 (22.14-26.58 min),not stated,Overtaken by test vehicle,Car,0,,CE323_EXP6.pdf,p.4 table 1,pdf table
Group 12,Exp6,Road stretch L = 1.9 km (not named),Lap 4 (22.14-26.58 min),not stated,Overtaking test vehicle,Auto,1,,CE323_EXP6.pdf,p.4 table 1,pdf table
Group 12,Exp6,Road stretch L = 1.9 km (not named),Lap 4 (22.14-26.58 min),not stated,Overtaken by test vehicle,Auto,5,,CE323_EXP6.pdf,p.4 table 1,pdf table
Group 12,Exp6,Road stretch L = 1.9 km (not named),Lap 4 (22.14-26.58 min),not stated,Overtaking test vehicle,Two Wheeler,5,,CE323_EXP6.pdf,p.4 table 1,pdf table
Group 12,Exp6,Road stretch L = 1.9 km (not named),Lap 4 (22.14-26.58 min),not stated,Overtaken by test vehicle,Two Wheeler,6,,CE323_EXP6.pdf,p.4 table 1,pdf table
Group 12,Exp6,Road stretch L = 1.9 km (not named),Lap 4 (22.14-26.58 min),not stated,Opposite-direction count,Multi Axle,0,,CE323_EXP6.pdf,p.4 table 2,pdf table
Group 12,Exp6,Road stretch L = 1.9 km (not named),Lap 4 (22.14-26.58 min),not stated,Opposite-direction count,Truck,32,,CE323_EXP6.pdf,p.4 table 2,pdf table
Group 12,Exp6,Road stretch L = 1.9 km (not named),Lap 4 (22.14-26.58 min),not stated,Opposite-direction count,LCV,53,,CE323_EXP6.pdf,p.4 table 2,pdf table
Group 12,Exp6,Road stretch L = 1.9 km (not named),Lap 4 (22.14-26.58 min),not stated,Opposite-direction count,Bus,4,,CE323_EXP6.pdf,p.4 table 2,pdf table
Group 12,Exp6,Road stretch L = 1.9 km (not named),Lap 4 (22.14-26.58 min),not stated,Opposite-direction count,Car,85,,CE323_EXP6.pdf,p.4 table 2,pdf table
Group 12,Exp6,Road stretch L = 1.9 km (not named),Lap 4 (22.14-26.58 min),not stated,Opposite-direction count,Auto,25,,CE323_EXP6.pdf,p.4 table 2,pdf table
Group 12,Exp6,Road stretch L = 1.9 km (not named),Lap 4 (22.14-26.58 min),not stated,Opposite-direction count,Two Wheeler,107,,CE323_EXP6.pdf,p.4 table 2,pdf table
Group 12,Exp6,Road stretch L = 1.9 km (not named),Lap 4 (22.14-26.58 min),not stated,Opposite-direction count,Cycle,6,,CE323_EXP6.pdf,p.4 table 2,pdf table
