group,experiment,mode,origin_zone,destination_zone,sampled_trips,expansion_factor,expanded_trips,source_file,source_location,extraction_method
Group 12,Exp9,Walk,1,10,1,3.67,3.67,Experiment9_grp 12.pdf,Partial O-D matrix images p.3-4,"image, read at 170 dpi; totals reconcile"
Group 12,Exp9,Walk,4,9,1,3.67,3.67,Experiment9_grp 12.pdf,Partial O-D matrix images p.3-4,"image, read at 170 dpi; totals reconcile"
Group 12,Exp9,Walk,4,10,1,3.67,3.67,Experiment9_grp 12.pdf,Partial O-D matrix images p.3-4,"image, read at 170 dpi; totals reconcile"
Group 12,Exp9,Walk,4,11,1,3.67,3.67,Experiment9_grp 12.pdf,Partial O-D matrix images p.3-4,"image, read at 170 dpi; totals reconcile"
Group 12,Exp9,Walk,10,1,1,3.67,3.67,Experiment9_grp 12.pdf,Partial O-D matrix images p.3-4,"image, read at 170 dpi; totals reconcile"
Group 12,Exp9,Walk,10,4,3,3.67,11.01,Experiment9_grp 12.pdf,Partial O-D matrix images p.3-4,"image, read at 170 dpi; totals reconcile"
Group 12,Exp9,Walk,11,4,1,3.67,3.67,Experiment9_grp 12.pdf,Partial O-D matrix images p.3-4,"image, read at 170 dpi; totals reconcile"
Group 12,Exp9,Cycle,1,4,1,7.61,7.61,Experiment9_grp 12.pdf,Partial O-D matrix images p.3-4,"image, read at 170 dpi; totals reconcile"
Group 12,Exp9,Cycle,1,9,1,7.61,7.61,Experiment9_grp 12.pdf,Partial O-D matrix images p.3-4,"image, read at 170 dpi; totals reconcile"
Group 12,Exp9,Cycle,2,10,1,7.61,7.61,Experiment9_grp 12.pdf,Partial O-D matrix images p.3-4,"image, read at 170 dpi; totals reconcile"
Group 12,Exp9,Cycle,3,9,1,7.61,7.61,Experiment9_grp 12.pdf,Partial O-D matrix images p.3-4,"image, read at 170 dpi; totals reconcile"
Group 12,Exp9,Cycle,4,10,3,7.61,22.83,Experiment9_grp 12.pdf,Partial O-D matrix images p.3-4,"image, read at 170 dpi; totals reconcile"
Group 12,Exp9,Cycle,4,11,3,7.61,22.83,Experiment9_grp 12.pdf,Partial O-D matrix images p.3-4,"image, read at 170 dpi; totals reconcile"
Group 12,Exp9,Cycle,9,1,1,7.61,7.61,Experiment9_grp 12.pdf,Partial O-D matrix images p.3-4,"image, read at 170 dpi; totals reconcile"
Group 12,Exp9,Cycle,9,3,1,7.61,7.61,Experiment9_grp 12.pdf,Partial O-D matrix images p.3-4,"image, read at 170 dpi; totals reconcile"
Group 12,Exp9,Cycle,10,2,1,7.61,7.61,Experiment9_grp 12.pdf,Partial O-D matrix images p.3-4,"image, read at 170 dpi; totals reconcile"
Group 12,Exp9,Cycle,10,4,1,7.61,7.61,Experiment9_grp 12.pdf,Partial O-D matrix images p.3-4,"image, read at 170 dpi; totals reconcile"
Group 12,Exp9,Cycle,11,4,4,7.61,30.44,Experiment9_grp 12.pdf,Partial O-D matrix images p.3-4,"image, read at 170 dpi; totals reconcile"
Group 12,Exp9,Two Wheeler,1,2,1,10.25,10.25,Experiment9_grp 12.pdf,Partial O-D matrix images p.3-4,"image, read at 170 dpi; totals reconcile"
Group 12,Exp9,Two Wheeler,1,10,1,10.25,10.25,Experiment9_grp 12.pdf,Partial O-D matrix images p.3-4,"image, read at 170 dpi; totals reconcile"
Group 12,Exp9,Two Wheeler,1,11,1,10.25,10.25,Experiment9_grp 12.pdf,Partial O-D matrix images p.3-4,"image, read at 170 dpi; totals reconcile"
Group 12,Exp9,Two Wheeler,2,11,1,10.25,10.25,Experiment9_grp 12.pdf,Partial O-D matrix images p.3-4,"image, read at 170 dpi; totals reconcile"
Group 12,Exp9,Two Wheeler,3,10,1,10.25,10.25,Experiment9_grp 12.pdf,Partial O-D matrix images p.3-4,"image, read at 170 dpi; totals reconcile"
Group 12,Exp9,Two Wheeler,4,7,1,10.25,10.25,Experiment9_grp 12.pdf,Partial O-D matrix images p.3-4,"image, read at 170 dpi; totals reconcile"
Group 12,Exp9,Two Wheeler,4,9,2,10.25,20.5,Experiment9_grp 12.pdf,Partial O-D matrix images p.3-4,"image, read at 170 dpi; totals reconcile"
Group 12,Exp9,Two Wheeler,4,10,1,10.25,10.25,Experiment9_grp 12.pdf,Partial O-D matrix images p.3-4,"image, read at 170 dpi; totals reconcile"
Group 12,Exp9,Two Wheeler,4,12,1,10.25,10.25,Experiment9_grp 12.pdf,Partial O-D matrix images p.3-4,"image, read at 170 dpi; totals reconcile"
Group 12,Exp9,Two Wheeler,7,4,1,10.25,10.25,Experiment9_grp 12.pdf,Partial O-D matrix images p.3-4,"image, read at 170 dpi; totals reconcile"
Group 12,Exp9,Two Wheeler,9,4,4,10.25,41.0,Experiment9_grp 12.pdf,Partial O-D matrix images p.3-4,"image, read at 170 dpi; totals reconcile"
Group 12,Exp9,Two Wheeler,10,1,1,10.25,10.25,Experiment9_grp 12.pdf,Partial O-D matrix images p.3-4,"image, read at 170 dpi; totals reconcile"
Group 12,Exp9,Two Wheeler,10,4,1,10.25,10.25,Experiment9_grp 12.pdf,Partial O-D matrix images p.3-4,"image, read at 170 dpi; totals reconcile"
Group 12,Exp9,Two Wheeler,11,2,1,10.25,10.25,Experiment9_grp 12.pdf,Partial O-D matrix images p.3-4,"image, read at 170 dpi; totals reconcile"
Group 12,Exp9,Two Wheeler,11,3,1,10.25,10.25,Experiment9_grp 12.pdf,Partial O-D matrix images p.3-4,"image, read at 170 dpi; totals reconcile"
Group 12,Exp9,Two Wheeler,12,4,1,10.25,10.25,Experiment9_grp 12.pdf,Partial O-D matrix images p.3-4,"image, read at 170 dpi; totals reconcile"
Group 12,Exp9,Car,4,6,2,10.0,20.0,Experiment9_grp 12.pdf,Partial O-D matrix images p.3-4,"image, read at 170 dpi; totals reconcile"
Group 12,Exp9,Car,5,8,1,10.0,10.0,Experiment9_grp 12.pdf,Partial O-D matrix images p.3-4,"image, read at 170 dpi; totals reconcile"
Group 12,Exp9,Car,6,4,2,10.0,20.0,Experiment9_grp 12.pdf,Partial O-D matrix images p.3-4,"image, read at 170 dpi; totals reconcile"
Group 12,Exp9,Car,8,6,1,10.0,10.0,Experiment9_grp 12.pdf,Partial O-D matrix images p.3-4,"image, read at 170 dpi; totals reconcile"
