zone,description_as_in_sheet,source
1,Core 1 & 2,"Expt 9.xlsx Sheet1!J39:J50 (hostel names as typed there: Kemeng, Shiyang, Disang)"
2,Core 3 & 4,"Expt 9.xlsx Sheet1!J39:J50 (hostel names as typed there: Kemeng, Shiyang, Disang)"
3,"Core 5, Nano & RnD Bldg","Expt 9.xlsx Sheet1!J39:J50 (hostel names as typed there: Kemeng, Shiyang, Disang)"
4,"Lecture Halls & Admin Block, CC, Library, Conf Centre, Audi","Expt 9.xlsx Sheet1!J39:J50 (hostel names as typed there: Kemeng, Shiyang, Disang)"
5,"New D, E Type, Market Complex","Expt 9.xlsx Sheet1!J39:J50 (hostel names as typed there: Kemeng, Shiyang, Disang)"
6,IITG Main Gate and outside,"Expt 9.xlsx Sheet1!J39:J50 (hostel names as typed there: Kemeng, Shiyang, Disang)"
7,"D, E, F Type","Expt 9.xlsx Sheet1!J39:J50 (hostel names as typed there: Kemeng, Shiyang, Disang)"
8,"A, B, C Type, Guest House 1 & 2, Hospital","Expt 9.xlsx Sheet1!J39:J50 (hostel names as typed there: Kemeng, Shiyang, Disang)"
9,"F Type bungalow, Both Girls Hostels, MSH","Expt 9.xlsx Sheet1!J39:J50 (hostel names as typed there: Kemeng, Shiyang, Disang)"
10,"Boys Hostels Umiam, Barak, Kameng, Gaurang, etc, Transit","Expt 9.xlsx Sheet1!J39:J50 (hostel names as typed there: Kemeng, Shiyang, Disang)"
11,"Boys Hostels Siang, Kapili, Dihing, KV, etc","Expt 9.xlsx Sheet1!J39:J50 (hostel names as typed there: Kemeng, Shiyang, Disang)"
12,KV Gate and outside,"Expt 9.xlsx Sheet1!J39:J50 (hostel names as typed there: Kemeng, Shiyang, Disang)"
