file,bytes,sha256_12,group,experiment_no,type
Bhavesh Bajaj_Expt9.pdf,4056199,550dd3b14a43,Group 5,9,pdf
Bhavesh_Traffic volume video_analysis_datasheet_1.xlsx,232040,c218983c4cc9,Group 5,3,xlsx
CE323_EXP5.pdf,754639,fda50f19e96c,Group 12,5,pdf
CE323_EXP6.pdf,729106,5aeb9ffc2efc,Group 12,6,pdf
CE323_EXP7 (1).pdf,887875,c6e7c1b157ed,Group 12,7,pdf
CE323_EXP8.pdf,793950,1a045ede29c1,Group 12,8,pdf
Experiment 6_Moving observer method.docx,859718,dc64abcedc4d,Group 5,6,docx
Experiment 7.pdf,387507,dda05acd75fd,Group 5,7,pdf
Experiment5_SpotSpeed_Report.docx,990631,65c70cfe3d04,Group 5,5,docx
Experiment9_grp 12.pdf,1530738,2d1ecd2bf938,Group 12,9,pdf
Expt 4.xlsx,480493,40beffe1decb,Group 5,4,xlsx
Expt 5.xlsx,149128,8b156194436d,Group 5,5,xlsx
Expt 6.xlsx,14043,995d99ecde57,Group 5,6,xlsx
Expt 7(Sheet1).csv,3695,23fbfe633772,Group 5,7,csv
Expt 8.xlsx,25388,1db280637d05,Group 5,8,xlsx
Expt 8_Parking Study.docx,937398,fec0c97ff506,Group 5,8,docx
Expt 9.xlsx,31081,72ce480bae71,Group 5,9,xlsx
Group12_exp4.pdf,1803227,853e590d3dff,Group 12,4,pdf
Mid-block Traffic Volume and Speed Study by Video.pdf,1281825,9293b5abf0dd,Individual (Ayush Kumar),3,pdf
Spot Speed Study using Radar speed gun.pdf,624261,cb16451b4223,Individual (Ayush Kumar),5,pdf
Transport Lab 3.docx,1055649,d4a6c1ecb8be,Group 5,3,docx
Transportation Lab 2 (1).docx,1268190,ebdf2eedbea7,Group 5,2,docx
VBOX_Group12.pdf,727373,50800b8b0544,Group 12,2,pdf
exp 3.pdf,659272,7bd9a0c38933,Group 12,3,pdf
transportation exp 4.docx,1342823,3b85e229c577,Group 5,4,docx
