month_start,rows,rain_share,wet_road_share,fog_likely_share,mean_temp_c,mean_rh_pct
2023-01-01,3310,0.0021,0.0157,0.0429,19.594,70.748
2023-02-01,2696,0.0252,0.0805,0.0245,22.3776,69.9125
2023-03-01,3601,0.085,0.2061,0.0153,25.1342,67.2202
2023-04-01,4127,0.0984,0.2353,0.0228,27.4826,68.9876
2023-05-01,4423,0.1273,0.3064,0.0208,28.3596,72.5211
2023-06-01,3598,0.3024,0.5584,0.1398,28.9795,82.5611
2023-07-01,3757,0.2622,0.5837,0.0793,29.9807,83.127
2023-08-01,2821,0.3222,0.62,0.0674,29.7673,83.5321
2023-09-01,2784,0.1498,0.3926,0.0546,30.6453,80.0564
2023-10-01,3846,0.1063,0.2665,0.09,27.3404,81.1781
2023-11-01,3966,0.0169,0.0373,0.0595,24.2019,74.7274
2023-12-01,4167,0.023,0.0514,0.0792,20.7164,76.8332
2024-02-01,2438,0.0455,0.1157,0.0386,20.5653,71.4733
2024-03-01,5380,0.0656,0.142,0.019,24.7199,64.4571
2024-04-01,4747,0.0834,0.21,0.0185,28.205,68.1847
2024-05-01,4594,0.172,0.3572,0.0337,28.8868,74.1539
2024-06-01,4330,0.3672,0.6942,0.1418,28.8358,86.1291
2024-08-01,5743,0.3108,0.6073,0.0735,29.923,83.353
2024-09-01,5670,0.1462,0.3748,0.0527,30.7023,80.0815
2024-10-01,5653,0.1465,0.3428,0.1088,26.6067,85.0324
2024-11-01,5424,0.0039,0.0225,0.0597,24.1575,76.1901
2024-12-01,5893,0.0002,0.0037,0.0501,20.006,73.9235
2025-01-01,6062,0.0101,0.0393,0.0703,19.725,76.677
2025-02-01,5452,0.0097,0.06,0.0229,21.3643,69.5774
2025-03-01,6763,0.0537,0.1278,0.0111,25.3348,63.0594
2025-04-01,6108,0.1131,0.2919,0.0123,27.6046,70.0956
2025-05-01,5292,0.2252,0.4492,0.0612,27.574,80.4992
2025-06-01,5097,0.2115,0.5003,0.052,30.1423,80.2627
2025-07-01,5528,0.2162,0.473,0.0581,30.5267,81.3008
2025-08-01,5518,0.2833,0.6301,0.1285,29.3123,85.0917
2025-09-01,5207,0.2184,0.483,0.1193,29.6435,83.6931
2025-10-01,5838,0.0934,0.2391,0.0695,27.6883,81.3952
2025-11-01,6319,0.0434,0.0826,0.0801,23.8546,78.3841
2025-12-01,7127,0.0001,0.0072,0.0669,19.9633,75.4093
2026-01-01,6789,0.0,0.0029,0.0501,19.7959,72.5067
2026-02-01,4960,0.0018,0.0117,0.0103,22.8063,63.2667
2026-03-01,6767,0.1538,0.3269,0.0443,24.2697,74.1063
2026-04-01,5890,0.2132,0.4722,0.0545,25.43,80.3222
2026-05-01,6219,0.2121,0.492,0.087,27.2311,81.4525
