term,coefficient,rate_ratio,rr_ci95_low,rr_ci95_high,p_value
const,-7.5711,0.0005,0.0004,0.0007,0.0
turn_deg_per_km,-0.108,0.8977,0.8882,0.9072,0.0
turn_contrast,0.0004,1.0004,1.0003,1.0005,0.0
is_bridge,-0.2155,0.8061,0.701,0.9271,0.0025
hw_rank,2.276,9.7379,8.8112,10.7619,0.0
is_main_road,0.1858,1.2042,1.0953,1.3239,0.0001
is_national_highway,-0.0309,0.9696,0.9174,1.0248,0.2742
is_divided,-0.3292,0.7195,0.6739,0.7682,0.0
ped_places_x_main,0.0662,1.0684,1.0171,1.1223,0.0085
poi200_eatery,0.0007,1.0007,0.9203,1.0882,0.9863
poi200_worship,0.0291,1.0295,0.9017,1.1755,0.6671
main_road_km_1km,-0.063,0.939,0.881,1.0008,0.0528
dist_to_main_road_km,-0.1226,0.8846,0.8216,0.9526,0.0012
nearby_ksi_3km_rel,0.4598,1.5838,1.5051,1.6665,0.0
nearby_ksi_1km_rel,0.4006,1.4927,1.4373,1.5502,0.0
nearby_fatal_1km,-0.3911,0.6763,0.5446,0.8399,0.0004
nearby_ksi_500m,1.9905,7.3189,6.1206,8.7518,0.0
nearby_severity_ratio_1km,0.438,1.5497,1.392,1.7252,0.0
poi_2km,0.0524,1.0538,1.032,1.0762,0.0
night_light_10km,0.4623,1.5877,1.4906,1.691,0.0
dist_to_town_km,0.2755,1.3171,1.2806,1.3548,0.0
junctions,0.3512,1.4207,1.3694,1.474,0.0
road_km_5km,0.1935,1.2134,1.1701,1.2585,0.0
light_contrast,0.5323,1.7029,1.5785,1.8372,0.0
school_500m,-0.2732,0.761,0.6944,0.834,0.0
is_unpaved,-0.3314,0.7179,0.5828,0.8844,0.0018
alpha,0.9316,,,,0.0
