feature,test_permutation_importance
hw_rank,0.106137
nearby_ksi_3km,0.087905
length_m,0.059166
turn_deg_per_km,0.014718
nearby_ksi_500m,0.013471
nearby_ksi_1km_rel,0.011036
dist_to_main_road_km,0.006993
mid_lon,0.004104
main_road_km_1km,0.003711
junctions_1km,0.002872
night_light,0.002445
light_contrast,0.002331
is_divided,0.002235
turn_contrast,0.002127
is_national_highway,0.0017
nearby_severity_ratio_1km,0.001641
nearby_ksi_3km_rel,0.001426
night_light_10km,0.001017
mid_lat,0.0008
road_km_5km,0.000585
school_500m,0.000416
poi_2km,0.000288
junctions,0.000145
is_bridge,0.00012
nearby_fatal_1km,0.000105
dist_to_town_km,7.8e-05
junctions_per_km,4.6e-05
poi200_eatery,1.1e-05
is_unpaved,3e-06
poi200_worship,0.0
is_main_road,0.0
ped_places_x_main,-7.9e-05
nearby_ksi_1km_recent,-0.000244
