ts,source,ok,errors,note
2026-09-26T18:25:17,tomtom-flow-tiles,19,0,
2026-09-26T18:25:40,tomtom-segment-points,24,0,
2026-09-26T18:40:19,tomtom-flow-tiles,19,0,
2026-09-26T18:55:36,tomtom-flow-tiles,19,0,
2026-09-26T19:11:01,tomtom-flow-tiles,19,0,
2026-09-26T19:25:40,tomtom-segment-points,24,0,
2026-09-26T19:26:13,tomtom-flow-tiles,19,0,
2026-09-26T19:41:30,tomtom-flow-tiles,19,0,
2026-09-26T19:56:47,tomtom-flow-tiles,19,0,
2026-09-26T20:12:01,tomtom-flow-tiles,19,0,
2026-09-26T20:25:43,tomtom-segment-points,24,0,
2026-09-26T20:27:18,tomtom-flow-tiles,19,0,
2026-09-26T20:42:30,tomtom-flow-tiles,0,19,
2026-09-26T20:57:30,tomtom-flow-tiles,0,19,
2026-09-26T21:12:30,tomtom-flow-tiles,0,19,
2026-09-26T21:25:50,tomtom-segment-points,24,0,
2026-09-26T21:27:46,tomtom-flow-tiles,19,0,
2026-09-26T21:43:07,tomtom-flow-tiles,19,0,
2026-09-26T21:58:06,tomtom-flow-tiles,19,0,
2026-09-26T22:13:23,tomtom-flow-tiles,19,0,
2026-09-26T22:26:05,tomtom-segment-points,24,0,
2026-09-26T22:28:40,tomtom-flow-tiles,19,0,
2026-09-26T22:44:17,tomtom-flow-tiles,19,0,
2026-09-26T22:59:05,tomtom-flow-tiles,19,0,
2026-09-26T23:14:22,tomtom-flow-tiles,19,0,
2026-09-26T23:26:57,tomtom-segment-points,24,0,
2026-09-26T23:29:34,tomtom-flow-tiles,19,0,
2026-09-26T23:44:53,tomtom-flow-tiles,19,0,
2026-09-27T00:00:12,tomtom-flow-tiles,19,0,
2026-09-27T00:15:36,tomtom-flow-tiles,19,0,
2026-09-27T00:26:46,tomtom-segment-points,24,0,
2026-09-27T00:30:43,tomtom-flow-tiles,19,0,
2026-09-27T00:46:07,tomtom-flow-tiles,19,0,
2026-09-27T01:01:05,tomtom-flow-tiles,19,0,
2026-09-27T01:16:31,tomtom-flow-tiles,19,0,
2026-09-27T01:27:04,tomtom-segment-points,24,0,
2026-09-27T01:31:45,tomtom-flow-tiles,19,0,
2026-09-27T01:46:42,tomtom-flow-tiles,19,0,
2026-09-27T02:01:56,tomtom-flow-tiles,19,0,
2026-09-27T02:17:10,tomtom-flow-tiles,19,0,
2026-09-27T02:27:16,tomtom-segment-points,24,0,
2026-09-27T02:32:08,tomtom-flow-tiles,19,0,
2026-09-27T02:47:22,tomtom-flow-tiles,19,0,
2026-09-27T03:02:36,tomtom-flow-tiles,19,0,
2026-09-27T03:17:50,tomtom-flow-tiles,19,0,
2026-09-27T03:27:30,tomtom-segment-points,24,0,
2026-09-27T03:33:09,tomtom-flow-tiles,19,0,
2026-09-27T03:48:34,tomtom-flow-tiles,19,0,
2026-09-27T04:03:31,tomtom-flow-tiles,19,0,
2026-09-27T04:19:43,tomtom-flow-tiles,0,19,
2026-09-27T05:35:47,tomtom-flow-tiles,0,19,
2026-09-27T05:35:47,tomtom-segment-points,0,24,
2026-09-27T05:51:14,tomtom-flow-tiles,19,0,
2026-09-27T06:06:09,tomtom-flow-tiles,19,0,
2026-09-27T06:21:22,tomtom-flow-tiles,19,0,
2026-09-27T06:36:21,tomtom-segment-points,24,0,
2026-09-27T06:36:56,tomtom-flow-tiles,19,0,
2026-09-27T06:52:09,tomtom-flow-tiles,19,0,
2026-09-27T07:07:23,tomtom-flow-tiles,19,0,
2026-09-27T07:22:37,tomtom-flow-tiles,19,0,
2026-09-27T07:36:36,tomtom-segment-points,24,0,
2026-09-27T07:37:50,tomtom-flow-tiles,19,0,
2026-09-27T07:53:05,tomtom-flow-tiles,19,0,
2026-09-27T08:08:22,tomtom-flow-tiles,19,0,
2026-09-27T08:23:35,tomtom-flow-tiles,19,0,
2026-09-27T08:36:56,tomtom-segment-points,24,0,
2026-09-27T08:38:53,tomtom-flow-tiles,19,0,
2026-09-27T08:54:08,tomtom-flow-tiles,19,0,
2026-09-27T09:09:23,tomtom-flow-tiles,19,0,
2026-09-27T09:24:41,tomtom-flow-tiles,19,0,
2026-09-27T09:37:00,tomtom-segment-points,24,0,
2026-09-27T09:39:54,tomtom-flow-tiles,19,0,
2026-09-27T09:55:09,tomtom-flow-tiles,19,0,
2026-09-27T10:10:26,tomtom-flow-tiles,19,0,
2026-09-27T10:25:43,tomtom-flow-tiles,19,0,
2026-09-27T10:37:06,tomtom-segment-points,24,0,
2026-09-27T10:41:02,tomtom-flow-tiles,19,0,
2026-09-27T10:56:15,tomtom-flow-tiles,19,0,
2026-09-27T11:11:29,tomtom-flow-tiles,19,0,
2026-09-27T11:26:43,tomtom-flow-tiles,19,0,
2026-09-27T11:37:04,tomtom-segment-points,24,0,
2026-09-27T11:42:01,tomtom-flow-tiles,19,0,
2026-09-27T11:57:17,tomtom-flow-tiles,19,0,
2026-09-27T12:12:49,tomtom-flow-tiles,19,0,
2026-09-27T12:27:55,tomtom-flow-tiles,19,0,
2026-09-27T12:37:22,tomtom-segment-points,24,0,
2026-09-27T12:42:57,tomtom-flow-tiles,19,0,
2026-09-27T12:58:36,tomtom-flow-tiles,19,0,
2026-09-27T13:13:33,tomtom-flow-tiles,19,0,
2026-09-27T13:28:57,tomtom-flow-tiles,19,0,
2026-09-27T13:37:24,tomtom-segment-points,24,0,
2026-09-27T13:44:02,tomtom-flow-tiles,19,0,
2026-09-27T13:59:17,tomtom-flow-tiles,19,0,
2026-09-27T14:14:32,tomtom-flow-tiles,19,0,
2026-09-27T14:29:52,tomtom-flow-tiles,19,0,
2026-09-27T14:37:34,tomtom-segment-points,24,0,
2026-09-27T14:44:48,tomtom-flow-tiles,19,0,
2026-09-27T15:00:04,tomtom-flow-tiles,19,0,
2026-09-27T15:15:22,tomtom-flow-tiles,19,0,
2026-09-27T15:30:37,tomtom-flow-tiles,19,0,
2026-09-27T15:37:41,tomtom-segment-points,24,0,
2026-09-27T15:45:58,tomtom-flow-tiles,19,0,
2026-09-27T16:01:16,tomtom-flow-tiles,19,0,
2026-09-27T16:16:46,tomtom-flow-tiles,19,0,
2026-09-27T16:31:46,tomtom-flow-tiles,19,0,
2026-09-27T16:38:09,tomtom-segment-points,24,0,
2026-09-27T16:46:44,tomtom-flow-tiles,19,0,
2026-09-27T17:01:59,tomtom-flow-tiles,19,0,
2026-09-27T17:17:15,tomtom-flow-tiles,19,0,
2026-09-27T17:32:34,tomtom-flow-tiles,19,0,
2026-09-27T17:37:57,tomtom-segment-points,24,0,
2026-09-27T17:47:43,tomtom-flow-tiles,19,0,
2026-09-27T18:15:57,tomtom-flow-tiles,0,19,
2026-09-27T19:17:55,tomtom-flow-tiles,0,19,
2026-09-27T19:17:55,tomtom-segment-points,0,24,
2026-09-27T19:33:14,tomtom-flow-tiles,19,0,
2026-09-27T19:48:34,tomtom-flow-tiles,19,0,
2026-09-27T20:03:32,tomtom-flow-tiles,19,0,
2026-09-27T20:18:32,tomtom-flow-tiles,0,19,
2026-09-27T20:18:32,tomtom-segment-points,0,24,
2026-09-28T01:09:22,tomtom-flow-tiles,0,19,
2026-09-28T01:09:22,tomtom-segment-points,0,24,
2026-09-28T01:24:40,tomtom-flow-tiles,19,0,
2026-09-28T02:25:08,tomtom-flow-tiles,0,19,
2026-09-28T02:25:08,tomtom-segment-points,0,24,
2026-09-28T02:40:21,tomtom-flow-tiles,19,0,
2026-09-28T02:55:33,tomtom-flow-tiles,19,0,
2026-09-28T03:10:46,tomtom-flow-tiles,19,0,
2026-09-28T03:25:48,tomtom-segment-points,24,0,
2026-09-28T03:26:21,tomtom-flow-tiles,19,0,
2026-09-28T03:41:36,tomtom-flow-tiles,19,0,
2026-09-28T03:56:53,tomtom-flow-tiles,19,0,
