time_ist,tiles,road_pieces,cumulative_readings,mean_level,slow_share,closures
2026-09-26 18:24,19,1431,1431,0.6348,0.2593,4
2026-09-26 18:40,19,1455,2886,0.6273,0.2749,4
2026-09-26 18:55,19,1380,4266,0.6336,0.2717,4
2026-09-26 19:10,19,1409,5675,0.6486,0.2406,4
2026-09-26 19:26,19,1370,7045,0.652,0.2234,4
2026-09-26 19:41,19,1294,8339,0.6551,0.221,5
2026-09-26 19:56,19,1304,9643,0.6603,0.2132,5
2026-09-26 20:11,19,1150,10793,0.6653,0.2078,5
2026-09-26 20:27,19,1229,12022,0.6725,0.2099,4
2026-09-26 21:27,19,870,12892,0.7201,0.1333,4
2026-09-26 21:42,19,738,13630,0.7301,0.126,4
2026-09-26 21:57,19,730,14360,0.7296,0.1425,4
2026-09-26 22:13,19,651,15011,0.7386,0.1336,4
2026-09-26 22:28,19,433,15444,0.7549,0.127,4
2026-09-26 22:43,19,386,15830,0.7886,0.1114,4
2026-09-26 22:58,19,398,16228,0.7915,0.103,4
2026-09-26 23:14,19,354,16582,0.7794,0.1384,4
2026-09-26 23:29,19,304,16886,0.8004,0.1217,4
2026-09-26 23:44,19,236,17122,0.8324,0.1017,4
2026-09-26 23:59,19,206,17328,0.8641,0.068,4
2026-09-27 00:15,19,208,17536,0.8486,0.0769,4
2026-09-27 00:30,19,169,17705,0.9009,0.0355,4
2026-09-27 00:45,19,178,17883,0.8663,0.0955,4
2026-09-27 01:00,19,154,18037,0.9085,0.0584,4
2026-09-27 01:16,19,149,18186,0.9111,0.0604,4
2026-09-27 01:31,19,165,18351,0.902,0.0485,4
2026-09-27 01:46,19,162,18513,0.893,0.0617,4
2026-09-27 02:01,19,167,18680,0.8845,0.0659,4
2026-09-27 02:16,19,162,18842,0.9001,0.0679,4
2026-09-27 02:31,19,151,18993,0.9052,0.0795,4
2026-09-27 02:47,19,144,19137,0.9216,0.0556,4
2026-09-27 03:02,19,149,19286,0.8954,0.094,4
2026-09-27 03:17,19,160,19446,0.8895,0.0938,4
2026-09-27 03:32,19,157,19603,0.8878,0.0955,4
2026-09-27 03:48,19,159,19762,0.9015,0.0818,4
2026-09-27 04:03,19,160,19922,0.8937,0.0938,4
2026-09-27 05:50,19,176,20098,0.8523,0.1193,4
2026-09-27 06:05,19,172,20270,0.8669,0.1105,4
2026-09-27 06:21,19,179,20449,0.8578,0.1061,4
2026-09-27 06:36,19,194,20643,0.8639,0.0773,4
2026-09-27 06:51,19,190,20833,0.8504,0.1105,4
2026-09-27 07:07,19,211,21044,0.8443,0.0806,4
2026-09-27 07:22,19,224,21268,0.8264,0.1205,4
2026-09-27 07:37,19,222,21490,0.8488,0.1081,4
2026-09-27 07:52,19,245,21735,0.8316,0.0939,4
2026-09-27 08:08,19,281,22016,0.8138,0.1139,4
2026-09-27 08:23,19,301,22317,0.8006,0.1395,4
2026-09-27 08:38,19,272,22589,0.8159,0.1324,4
2026-09-27 08:53,19,292,22881,0.802,0.1233,4
2026-09-27 09:09,19,380,23261,0.7754,0.1237,4
2026-09-27 09:24,19,409,23670,0.7585,0.1418,4
2026-09-27 09:39,19,443,24113,0.7593,0.14,4
2026-09-27 09:54,19,448,24561,0.7639,0.1228,4
2026-09-27 10:10,19,479,25040,0.7565,0.1294,4
2026-09-27 10:25,19,555,25595,0.756,0.1135,4
2026-09-27 10:40,19,607,26202,0.7466,0.1269,4
2026-09-27 10:56,19,576,26778,0.7582,0.1094,4
2026-09-27 11:11,19,637,27415,0.7501,0.124,4
2026-09-27 11:26,19,610,28025,0.7297,0.1377,4
2026-09-27 11:41,19,754,28779,0.72,0.1817,4
2026-09-27 11:57,19,675,29454,0.7325,0.1363,4
2026-09-27 12:12,19,691,30145,0.7288,0.1274,4
2026-09-27 12:27,19,657,30802,0.7376,0.1309,4
2026-09-27 12:42,19,661,31463,0.7257,0.1513,4
2026-09-27 12:57,19,668,32131,0.7335,0.1707,4
2026-09-27 13:13,19,618,32749,0.7501,0.1311,4
2026-09-27 13:28,19,546,33295,0.7344,0.1502,4
2026-09-27 13:43,19,523,33818,0.7408,0.1396,4
2026-09-27 13:59,19,527,34345,0.7571,0.1233,4
2026-09-27 14:14,19,460,34805,0.7724,0.1152,4
2026-09-27 14:29,19,501,35306,0.7624,0.1357,4
2026-09-27 14:44,19,418,35724,0.7671,0.11,4
2026-09-27 14:59,19,415,36139,0.7779,0.1084,4
2026-09-27 15:15,19,402,36541,0.7716,0.1219,4
2026-09-27 15:30,19,396,36937,0.7902,0.101,4
2026-09-27 15:45,19,425,37362,0.7813,0.0941,4
2026-09-27 16:00,19,452,37814,0.7675,0.1106,4
2026-09-27 16:16,19,448,38262,0.7598,0.1406,4
2026-09-27 16:31,19,572,38834,0.7549,0.1346,4
2026-09-27 16:46,19,611,39445,0.7428,0.1326,4
2026-09-27 17:01,19,655,40100,0.7449,0.1237,4
2026-09-27 17:16,19,829,40929,0.7246,0.1218,4
2026-09-27 17:32,19,985,41914,0.7172,0.1269,4
2026-09-27 17:47,19,1096,43010,0.6796,0.2016,4
2026-09-27 19:32,19,1104,44114,0.6853,0.1757,4
2026-09-27 19:48,19,1142,45256,0.6945,0.183,4
2026-09-27 20:03,19,1108,46364,0.6879,0.1778,4
2026-09-28 01:24,19,146,46510,0.9256,0.0411,4
2026-09-28 02:40,19,134,46644,0.9511,0.0299,4
2026-09-28 02:55,19,141,46785,0.9222,0.0567,4
2026-09-28 03:10,19,143,46928,0.9297,0.042,4
2026-09-28 03:26,19,143,47071,0.9114,0.0769,4
