model,term,odds_ratio,ci95_low,ci95_high,p_value,crash_sets,reading
B1a all periods,cond_rain,0.9551,0.9223,0.989,0.0099,44112,fewer crashes
B1a all periods,cond_fog_likely_era5,0.9773,0.9271,1.0302,0.3924,44112,no clear change
"B1b wet road, all periods",cond_wet_road,0.9383,0.9129,0.9644,0.0,44112,fewer crashes
"B1b wet road, all periods",cond_fog_likely_era5,0.9857,0.935,1.0391,0.5931,44112,no clear change
B1c rain x main road,cond_rain,0.966,0.9112,1.024,0.2445,44112,no clear change
B1c rain x main road,rain_x_main_road,0.9837,0.915,1.0575,0.6561,44112,no clear change
B1c rain x main road,cond_fog_likely_era5,0.9789,0.9287,1.0319,0.4279,44112,no clear change
B1a 2023-24 only,cond_rain,0.9392,0.8939,0.9869,0.013,21108,fewer crashes
B1a 2023-24 only,cond_fog_likely_era5,0.9788,0.9072,1.0562,0.5813,21108,no clear change
B1a 2025-26 only,cond_rain,0.971,0.9243,1.0201,0.2425,23004,no clear change
B1a 2025-26 only,cond_fog_likely_era5,0.9763,0.9075,1.0504,0.521,23004,no clear change
